FID,lat1,lon1,lat2,lon2
0,20.222,109.915,20.232,109.925
1,20.232,109.925,20.242,109.935
2,20.242,109.915,20.252,109.925
3,20.242,109.925,20.252,109.935
4,20.242,109.935,20.252,109.945
5,20.242,110.115,20.252,110.125
6,20.242,110.125,20.252,110.135
7,20.242,110.135,20.252,110.145
8,20.242,110.145,20.252,110.155
9,20.242,110.155,20.252,110.165
10,20.242,110.165,20.252,110.175
11,20.242,110.175,20.252,110.185
12,20.252,109.915,20.262,109.925
13,20.252,109.925,20.262,109.935
14,20.252,109.935,20.262,109.945
15,20.252,109.945,20.262,109.955
16,20.252,110.115,20.262,110.125
17,20.252,110.125,20.262,110.135
18,20.252,110.135,20.262,110.145
19,20.252,110.145,20.262,110.155
20,20.252,110.155,20.262,110.165
21,20.252,110.165,20.262,110.175
22,20.252,110.175,20.262,110.185
23,20.252,110.185,20.262,110.195
24,20.252,110.275,20.262,110.285
25,20.262,109.925,20.272,109.935
26,20.262,109.935,20.272,109.945
27,20.262,109.945,20.272,109.955
28,20.262,109.955,20.272,109.965
29,20.262,110.005,20.272,110.015
30,20.262,110.085,20.272,110.095
31,20.262,110.095,20.272,110.105
32,20.262,110.105,20.272,110.115
33,20.262,110.115,20.272,110.125
34,20.262,110.125,20.272,110.135
35,20.262,110.135,20.272,110.145
36,20.262,110.145,20.272,110.155
37,20.262,110.155,20.272,110.165
38,20.262,110.165,20.272,110.175
39,20.262,110.175,20.272,110.185
40,20.262,110.185,20.272,110.195
41,20.262,110.245,20.272,110.255
42,20.262,110.265,20.272,110.275
43,20.262,110.275,20.272,110.285
44,20.262,110.285,20.272,110.295
45,20.262,110.295,20.272,110.305
46,20.262,110.305,20.272,110.315
47,20.262,110.315,20.272,110.325
48,20.262,110.325,20.272,110.335
49,20.272,109.935,20.282,109.945
50,20.272,109.945,20.282,109.955
51,20.272,109.955,20.282,109.965
52,20.272,109.965,20.282,109.975
53,20.272,110.005,20.282,110.015
54,20.272,110.065,20.282,110.075
55,20.272,110.075,20.282,110.085
56,20.272,110.085,20.282,110.095
57,20.272,110.095,20.282,110.105
58,20.272,110.105,20.282,110.115
59,20.272,110.115,20.282,110.125
60,20.272,110.125,20.282,110.135
61,20.272,110.135,20.282,110.145
62,20.272,110.145,20.282,110.155
63,20.272,110.155,20.282,110.165
64,20.272,110.165,20.282,110.175
65,20.272,110.175,20.282,110.185
66,20.272,110.185,20.282,110.195
67,20.272,110.195,20.282,110.205
68,20.272,110.205,20.282,110.215
69,20.272,110.215,20.282,110.225
70,20.272,110.225,20.282,110.235
71,20.272,110.235,20.282,110.245
72,20.272,110.245,20.282,110.255
73,20.272,110.255,20.282,110.265
74,20.272,110.265,20.282,110.275
75,20.272,110.275,20.282,110.285
76,20.272,110.285,20.282,110.295
77,20.272,110.295,20.282,110.305
78,20.272,110.305,20.282,110.315
79,20.272,110.315,20.282,110.325
80,20.272,110.325,20.282,110.335
81,20.282,109.935,20.292,109.945
82,20.282,109.945,20.292,109.955
83,20.282,109.955,20.292,109.965
84,20.282,109.965,20.292,109.975
85,20.282,109.975,20.292,109.985
86,20.282,109.995,20.292,110.005
87,20.282,110.005,20.292,110.015
88,20.282,110.025,20.292,110.035
89,20.282,110.055,20.292,110.065
90,20.282,110.065,20.292,110.075
91,20.282,110.075,20.292,110.085
92,20.282,110.085,20.292,110.095
93,20.282,110.095,20.292,110.105
94,20.282,110.105,20.292,110.115
95,20.282,110.115,20.292,110.125
96,20.282,110.125,20.292,110.135
97,20.282,110.135,20.292,110.145
98,20.282,110.145,20.292,110.155
99,20.282,110.155,20.292,110.165
100,20.282,110.165,20.292,110.175
101,20.282,110.175,20.292,110.185
102,20.282,110.185,20.292,110.195
103,20.282,110.195,20.292,110.205
104,20.282,110.205,20.292,110.215
105,20.282,110.215,20.292,110.225
106,20.282,110.225,20.292,110.235
107,20.282,110.235,20.292,110.245
108,20.282,110.245,20.292,110.255
109,20.282,110.255,20.292,110.265
110,20.282,110.265,20.292,110.275
111,20.282,110.275,20.292,110.285
112,20.282,110.285,20.292,110.295
113,20.282,110.295,20.292,110.305
114,20.282,110.305,20.292,110.315
115,20.282,110.315,20.292,110.325
116,20.282,110.325,20.292,110.335
117,20.282,110.335,20.292,110.345
118,20.282,110.345,20.292,110.355
119,20.292,109.935,20.302,109.945
120,20.292,109.945,20.302,109.955
121,20.292,109.955,20.302,109.965
122,20.292,109.965,20.302,109.975
123,20.292,109.975,20.302,109.985
124,20.292,109.985,20.302,109.995
125,20.292,109.995,20.302,110.005
126,20.292,110.005,20.302,110.015
127,20.292,110.015,20.302,110.025
128,20.292,110.025,20.302,110.035
129,20.292,110.035,20.302,110.045
130,20.292,110.045,20.302,110.055
131,20.292,110.055,20.302,110.065
132,20.292,110.065,20.302,110.075
133,20.292,110.075,20.302,110.085
134,20.292,110.085,20.302,110.095
135,20.292,110.095,20.302,110.105
136,20.292,110.105,20.302,110.115
137,20.292,110.115,20.302,110.125
138,20.292,110.125,20.302,110.135
139,20.292,110.135,20.302,110.145
140,20.292,110.145,20.302,110.155
141,20.292,110.155,20.302,110.165
142,20.292,110.165,20.302,110.175
143,20.292,110.175,20.302,110.185
144,20.292,110.185,20.302,110.195
145,20.292,110.195,20.302,110.205
146,20.292,110.205,20.302,110.215
147,20.292,110.215,20.302,110.225
148,20.292,110.225,20.302,110.235
149,20.292,110.235,20.302,110.245
150,20.292,110.245,20.302,110.255
151,20.292,110.255,20.302,110.265
152,20.292,110.265,20.302,110.275
153,20.292,110.275,20.302,110.285
154,20.292,110.285,20.302,110.295
155,20.292,110.295,20.302,110.305
156,20.292,110.305,20.302,110.315
157,20.292,110.315,20.302,110.325
158,20.292,110.325,20.302,110.335
159,20.292,110.335,20.302,110.345
160,20.292,110.345,20.302,110.355
161,20.302,109.935,20.312,109.945
162,20.302,109.945,20.312,109.955
163,20.302,109.955,20.312,109.965
164,20.302,109.965,20.312,109.975
165,20.302,109.975,20.312,109.985
166,20.302,109.985,20.312,109.995
167,20.302,109.995,20.312,110.005
168,20.302,110.005,20.312,110.015
169,20.302,110.015,20.312,110.025
170,20.302,110.025,20.312,110.035
171,20.302,110.035,20.312,110.045
172,20.302,110.045,20.312,110.055
173,20.302,110.055,20.312,110.065
174,20.302,110.065,20.312,110.075
175,20.302,110.075,20.312,110.085
176,20.302,110.085,20.312,110.095
177,20.302,110.095,20.312,110.105
178,20.302,110.105,20.312,110.115
179,20.302,110.115,20.312,110.125
180,20.302,110.125,20.312,110.135
181,20.302,110.135,20.312,110.145
182,20.302,110.145,20.312,110.155
183,20.302,110.155,20.312,110.165
184,20.302,110.165,20.312,110.175
185,20.302,110.175,20.312,110.185
186,20.302,110.185,20.312,110.195
187,20.302,110.195,20.312,110.205
188,20.302,110.205,20.312,110.215
189,20.302,110.215,20.312,110.225
190,20.302,110.225,20.312,110.235
191,20.302,110.235,20.312,110.245
192,20.302,110.245,20.312,110.255
193,20.302,110.255,20.312,110.265
194,20.302,110.265,20.312,110.275
195,20.302,110.275,20.312,110.285
196,20.302,110.285,20.312,110.295
197,20.302,110.295,20.312,110.305
198,20.302,110.305,20.312,110.315
199,20.302,110.315,20.312,110.325
200,20.302,110.325,20.312,110.335
201,20.302,110.335,20.312,110.345
202,20.302,110.345,20.312,110.355
203,20.302,110.355,20.312,110.365
204,20.302,110.365,20.312,110.375
205,20.302,110.385,20.312,110.395
206,20.302,110.395,20.312,110.405
207,20.312,109.925,20.322,109.935
208,20.312,109.935,20.322,109.945
209,20.312,109.945,20.322,109.955
210,20.312,109.955,20.322,109.965
211,20.312,109.965,20.322,109.975
212,20.312,109.975,20.322,109.985
213,20.312,109.985,20.322,109.995
214,20.312,109.995,20.322,110.005
215,20.312,110.005,20.322,110.015
216,20.312,110.015,20.322,110.025
217,20.312,110.025,20.322,110.035
218,20.312,110.035,20.322,110.045
219,20.312,110.045,20.322,110.055
220,20.312,110.055,20.322,110.065
221,20.312,110.065,20.322,110.075
222,20.312,110.075,20.322,110.085
223,20.312,110.085,20.322,110.095
224,20.312,110.095,20.322,110.105
225,20.312,110.105,20.322,110.115
226,20.312,110.115,20.322,110.125
227,20.312,110.125,20.322,110.135
228,20.312,110.135,20.322,110.145
229,20.312,110.145,20.322,110.155
230,20.312,110.155,20.322,110.165
231,20.312,110.165,20.322,110.175
232,20.312,110.175,20.322,110.185
233,20.312,110.185,20.322,110.195
234,20.312,110.195,20.322,110.205
235,20.312,110.205,20.322,110.215
236,20.312,110.215,20.322,110.225
237,20.312,110.225,20.322,110.235
238,20.312,110.235,20.322,110.245
239,20.312,110.245,20.322,110.255
240,20.312,110.255,20.322,110.265
241,20.312,110.265,20.322,110.275
242,20.312,110.275,20.322,110.285
243,20.312,110.285,20.322,110.295
244,20.312,110.295,20.322,110.305
245,20.312,110.305,20.322,110.315
246,20.312,110.315,20.322,110.325
247,20.312,110.325,20.322,110.335
248,20.312,110.335,20.322,110.345
249,20.312,110.345,20.322,110.355
250,20.312,110.355,20.322,110.365
251,20.312,110.365,20.322,110.375
252,20.312,110.375,20.322,110.385
253,20.312,110.385,20.322,110.395
254,20.312,110.395,20.322,110.405
255,20.312,110.405,20.322,110.415
256,20.322,109.925,20.332,109.935
257,20.322,109.935,20.332,109.945
258,20.322,109.945,20.332,109.955
259,20.322,109.955,20.332,109.965
260,20.322,109.965,20.332,109.975
261,20.322,109.975,20.332,109.985
262,20.322,109.985,20.332,109.995
263,20.322,109.995,20.332,110.005
264,20.322,110.005,20.332,110.015
265,20.322,110.015,20.332,110.025
266,20.322,110.025,20.332,110.035
267,20.322,110.035,20.332,110.045
268,20.322,110.045,20.332,110.055
269,20.322,110.055,20.332,110.065
270,20.322,110.065,20.332,110.075
271,20.322,110.075,20.332,110.085
272,20.322,110.085,20.332,110.095
273,20.322,110.095,20.332,110.105
274,20.322,110.105,20.332,110.115
275,20.322,110.115,20.332,110.125
276,20.322,110.125,20.332,110.135
277,20.322,110.135,20.332,110.145
278,20.322,110.145,20.332,110.155
279,20.322,110.155,20.332,110.165
280,20.322,110.165,20.332,110.175
281,20.322,110.175,20.332,110.185
282,20.322,110.185,20.332,110.195
283,20.322,110.195,20.332,110.205
284,20.322,110.205,20.332,110.215
285,20.322,110.215,20.332,110.225
286,20.322,110.225,20.332,110.235
287,20.322,110.235,20.332,110.245
288,20.322,110.245,20.332,110.255
289,20.322,110.255,20.332,110.265
290,20.322,110.265,20.332,110.275
291,20.322,110.275,20.332,110.285
292,20.322,110.285,20.332,110.295
293,20.322,110.295,20.332,110.305
294,20.322,110.305,20.332,110.315
295,20.322,110.315,20.332,110.325
296,20.322,110.325,20.332,110.335
297,20.322,110.335,20.332,110.345
298,20.322,110.345,20.332,110.355
299,20.322,110.355,20.332,110.365
300,20.322,110.365,20.332,110.375
301,20.322,110.375,20.332,110.385
302,20.322,110.385,20.332,110.395
303,20.322,110.395,20.332,110.405
304,20.322,110.405,20.332,110.415
305,20.322,110.415,20.332,110.425
306,20.322,110.425,20.332,110.435
307,20.332,109.925,20.342,109.935
308,20.332,109.935,20.342,109.945
309,20.332,109.945,20.342,109.955
310,20.332,109.955,20.342,109.965
311,20.332,109.965,20.342,109.975
312,20.332,109.975,20.342,109.985
313,20.332,109.985,20.342,109.995
314,20.332,109.995,20.342,110.005
315,20.332,110.005,20.342,110.015
316,20.332,110.015,20.342,110.025
317,20.332,110.025,20.342,110.035
318,20.332,110.035,20.342,110.045
319,20.332,110.045,20.342,110.055
320,20.332,110.055,20.342,110.065
321,20.332,110.065,20.342,110.075
322,20.332,110.075,20.342,110.085
323,20.332,110.085,20.342,110.095
324,20.332,110.095,20.342,110.105
325,20.332,110.105,20.342,110.115
326,20.332,110.115,20.342,110.125
327,20.332,110.125,20.342,110.135
328,20.332,110.135,20.342,110.145
329,20.332,110.145,20.342,110.155
330,20.332,110.155,20.342,110.165
331,20.332,110.165,20.342,110.175
332,20.332,110.175,20.342,110.185
333,20.332,110.185,20.342,110.195
334,20.332,110.195,20.342,110.205
335,20.332,110.205,20.342,110.215
336,20.332,110.215,20.342,110.225
337,20.332,110.225,20.342,110.235
338,20.332,110.235,20.342,110.245
339,20.332,110.245,20.342,110.255
340,20.332,110.255,20.342,110.265
341,20.332,110.265,20.342,110.275
342,20.332,110.275,20.342,110.285
343,20.332,110.285,20.342,110.295
344,20.332,110.295,20.342,110.305
345,20.332,110.305,20.342,110.315
346,20.332,110.315,20.342,110.325
347,20.332,110.325,20.342,110.335
348,20.332,110.335,20.342,110.345
349,20.332,110.345,20.342,110.355
350,20.332,110.355,20.342,110.365
351,20.332,110.365,20.342,110.375
352,20.332,110.375,20.342,110.385
353,20.332,110.385,20.342,110.395
354,20.332,110.395,20.342,110.405
355,20.332,110.405,20.342,110.415
356,20.332,110.415,20.342,110.425
357,20.332,110.425,20.342,110.435
358,20.332,110.435,20.342,110.445
359,20.342,109.915,20.352,109.925
360,20.342,109.925,20.352,109.935
361,20.342,109.935,20.352,109.945
362,20.342,109.945,20.352,109.955
363,20.342,109.955,20.352,109.965
364,20.342,109.965,20.352,109.975
365,20.342,109.975,20.352,109.985
366,20.342,109.985,20.352,109.995
367,20.342,109.995,20.352,110.005
368,20.342,110.005,20.352,110.015
369,20.342,110.015,20.352,110.025
370,20.342,110.025,20.352,110.035
371,20.342,110.035,20.352,110.045
372,20.342,110.045,20.352,110.055
373,20.342,110.055,20.352,110.065
374,20.342,110.065,20.352,110.075
375,20.342,110.075,20.352,110.085
376,20.342,110.085,20.352,110.095
377,20.342,110.095,20.352,110.105
378,20.342,110.105,20.352,110.115
379,20.342,110.115,20.352,110.125
380,20.342,110.125,20.352,110.135
381,20.342,110.135,20.352,110.145
382,20.342,110.145,20.352,110.155
383,20.342,110.155,20.352,110.165
384,20.342,110.165,20.352,110.175
385,20.342,110.175,20.352,110.185
386,20.342,110.185,20.352,110.195
387,20.342,110.195,20.352,110.205
388,20.342,110.205,20.352,110.215
389,20.342,110.215,20.352,110.225
390,20.342,110.225,20.352,110.235
391,20.342,110.235,20.352,110.245
392,20.342,110.245,20.352,110.255
393,20.342,110.255,20.352,110.265
394,20.342,110.265,20.352,110.275
395,20.342,110.275,20.352,110.285
396,20.342,110.285,20.352,110.295
397,20.342,110.295,20.352,110.305
398,20.342,110.305,20.352,110.315
399,20.342,110.315,20.352,110.325
400,20.342,110.325,20.352,110.335
401,20.342,110.335,20.352,110.345
402,20.342,110.345,20.352,110.355
403,20.342,110.355,20.352,110.365
404,20.342,110.365,20.352,110.375
405,20.342,110.375,20.352,110.385
406,20.342,110.385,20.352,110.395
407,20.342,110.395,20.352,110.405
408,20.342,110.405,20.352,110.415
409,20.342,110.415,20.352,110.425
410,20.342,110.425,20.352,110.435
411,20.342,110.435,20.352,110.445
412,20.342,110.565,20.352,110.575
413,20.352,109.905,20.362,109.915
414,20.352,109.915,20.362,109.925
415,20.352,109.925,20.362,109.935
416,20.352,109.935,20.362,109.945
417,20.352,109.945,20.362,109.955
418,20.352,109.955,20.362,109.965
419,20.352,109.965,20.362,109.975
420,20.352,109.975,20.362,109.985
421,20.352,109.985,20.362,109.995
422,20.352,109.995,20.362,110.005
423,20.352,110.005,20.362,110.015
424,20.352,110.015,20.362,110.025
425,20.352,110.025,20.362,110.035
426,20.352,110.035,20.362,110.045
427,20.352,110.045,20.362,110.055
428,20.352,110.055,20.362,110.065
429,20.352,110.065,20.362,110.075
430,20.352,110.075,20.362,110.085
431,20.352,110.085,20.362,110.095
432,20.352,110.095,20.362,110.105
433,20.352,110.105,20.362,110.115
434,20.352,110.115,20.362,110.125
435,20.352,110.125,20.362,110.135
436,20.352,110.135,20.362,110.145
437,20.352,110.145,20.362,110.155
438,20.352,110.155,20.362,110.165
439,20.352,110.165,20.362,110.175
440,20.352,110.175,20.362,110.185
441,20.352,110.185,20.362,110.195
442,20.352,110.195,20.362,110.205
443,20.352,110.205,20.362,110.215
444,20.352,110.215,20.362,110.225
445,20.352,110.225,20.362,110.235
446,20.352,110.235,20.362,110.245
447,20.352,110.245,20.362,110.255
448,20.352,110.255,20.362,110.265
449,20.352,110.265,20.362,110.275
450,20.352,110.275,20.362,110.285
451,20.352,110.285,20.362,110.295
452,20.352,110.295,20.362,110.305
453,20.352,110.305,20.362,110.315
454,20.352,110.315,20.362,110.325
455,20.352,110.325,20.362,110.335
456,20.352,110.335,20.362,110.345
457,20.352,110.345,20.362,110.355
458,20.352,110.355,20.362,110.365
459,20.352,110.365,20.362,110.375
460,20.352,110.375,20.362,110.385
461,20.352,110.385,20.362,110.395
462,20.352,110.395,20.362,110.405
463,20.352,110.405,20.362,110.415
464,20.352,110.415,20.362,110.425
465,20.352,110.425,20.362,110.435
466,20.352,110.435,20.362,110.445
467,20.352,110.445,20.362,110.455
468,20.352,110.575,20.362,110.585
469,20.362,109.885,20.372,109.895
470,20.362,109.895,20.372,109.905
471,20.362,109.905,20.372,109.915
472,20.362,109.915,20.372,109.925
473,20.362,109.925,20.372,109.935
474,20.362,109.935,20.372,109.945
475,20.362,109.945,20.372,109.955
476,20.362,109.955,20.372,109.965
477,20.362,109.965,20.372,109.975
478,20.362,109.985,20.372,109.995
479,20.362,109.995,20.372,110.005
480,20.362,110.005,20.372,110.015
481,20.362,110.015,20.372,110.025
482,20.362,110.025,20.372,110.035
483,20.362,110.035,20.372,110.045
484,20.362,110.045,20.372,110.055
485,20.362,110.055,20.372,110.065
486,20.362,110.065,20.372,110.075
487,20.362,110.075,20.372,110.085
488,20.362,110.085,20.372,110.095
489,20.362,110.095,20.372,110.105
490,20.362,110.105,20.372,110.115
491,20.362,110.115,20.372,110.125
492,20.362,110.125,20.372,110.135
493,20.362,110.135,20.372,110.145
494,20.362,110.145,20.372,110.155
495,20.362,110.155,20.372,110.165
496,20.362,110.165,20.372,110.175
497,20.362,110.175,20.372,110.185
498,20.362,110.185,20.372,110.195
499,20.362,110.195,20.372,110.205
500,20.362,110.205,20.372,110.215
501,20.362,110.215,20.372,110.225
502,20.362,110.225,20.372,110.235
503,20.362,110.235,20.372,110.245
504,20.362,110.245,20.372,110.255
505,20.362,110.255,20.372,110.265
506,20.362,110.265,20.372,110.275
507,20.362,110.275,20.372,110.285
508,20.362,110.285,20.372,110.295
509,20.362,110.295,20.372,110.305
510,20.362,110.305,20.372,110.315
511,20.362,110.315,20.372,110.325
512,20.362,110.325,20.372,110.335
513,20.362,110.335,20.372,110.345
514,20.362,110.345,20.372,110.355
515,20.362,110.355,20.372,110.365
516,20.362,110.365,20.372,110.375
517,20.362,110.375,20.372,110.385
518,20.362,110.385,20.372,110.395
519,20.362,110.395,20.372,110.405
520,20.362,110.405,20.372,110.415
521,20.362,110.415,20.372,110.425
522,20.362,110.425,20.372,110.435
523,20.362,110.435,20.372,110.445
524,20.362,110.445,20.372,110.455
525,20.362,110.455,20.372,110.465
526,20.362,110.575,20.372,110.585
527,20.362,110.585,20.372,110.595
528,20.372,109.875,20.382,109.885
529,20.372,109.885,20.382,109.895
530,20.372,109.895,20.382,109.905
531,20.372,109.905,20.382,109.915
532,20.372,109.915,20.382,109.925
533,20.372,109.925,20.382,109.935
534,20.372,109.935,20.382,109.945
535,20.372,109.945,20.382,109.955
536,20.372,109.955,20.382,109.965
537,20.372,109.965,20.382,109.975
538,20.372,109.985,20.382,109.995
539,20.372,109.995,20.382,110.005
540,20.372,110.005,20.382,110.015
541,20.372,110.015,20.382,110.025
542,20.372,110.025,20.382,110.035
543,20.372,110.035,20.382,110.045
544,20.372,110.045,20.382,110.055
545,20.372,110.055,20.382,110.065
546,20.372,110.065,20.382,110.075
547,20.372,110.075,20.382,110.085
548,20.372,110.085,20.382,110.095
549,20.372,110.095,20.382,110.105
550,20.372,110.105,20.382,110.115
551,20.372,110.115,20.382,110.125
552,20.372,110.125,20.382,110.135
553,20.372,110.135,20.382,110.145
554,20.372,110.145,20.382,110.155
555,20.372,110.155,20.382,110.165
556,20.372,110.165,20.382,110.175
557,20.372,110.175,20.382,110.185
558,20.372,110.185,20.382,110.195
559,20.372,110.195,20.382,110.205
560,20.372,110.205,20.382,110.215
561,20.372,110.215,20.382,110.225
562,20.372,110.225,20.382,110.235
563,20.372,110.235,20.382,110.245
564,20.372,110.245,20.382,110.255
565,20.372,110.255,20.382,110.265
566,20.372,110.265,20.382,110.275
567,20.372,110.275,20.382,110.285
568,20.372,110.285,20.382,110.295
569,20.372,110.295,20.382,110.305
570,20.372,110.305,20.382,110.315
571,20.372,110.315,20.382,110.325
572,20.372,110.325,20.382,110.335
573,20.372,110.335,20.382,110.345
574,20.372,110.345,20.382,110.355
575,20.372,110.355,20.382,110.365
576,20.372,110.365,20.382,110.375
577,20.372,110.375,20.382,110.385
578,20.372,110.385,20.382,110.395
579,20.372,110.395,20.382,110.405
580,20.372,110.405,20.382,110.415
581,20.372,110.415,20.382,110.425
582,20.372,110.425,20.382,110.435
583,20.372,110.435,20.382,110.445
584,20.372,110.445,20.382,110.455
585,20.372,110.455,20.382,110.465
586,20.382,109.875,20.392,109.885
587,20.382,109.885,20.392,109.895
588,20.382,109.895,20.392,109.905
589,20.382,109.905,20.392,109.915
590,20.382,109.915,20.392,109.925
591,20.382,109.925,20.392,109.935
592,20.382,109.935,20.392,109.945
593,20.382,109.945,20.392,109.955
594,20.382,109.955,20.392,109.965
595,20.382,109.995,20.392,110.005
596,20.382,110.005,20.392,110.015
597,20.382,110.015,20.392,110.025
598,20.382,110.025,20.392,110.035
599,20.382,110.035,20.392,110.045
600,20.382,110.045,20.392,110.055
601,20.382,110.055,20.392,110.065
602,20.382,110.065,20.392,110.075
603,20.382,110.075,20.392,110.085
604,20.382,110.085,20.392,110.095
605,20.382,110.095,20.392,110.105
606,20.382,110.105,20.392,110.115
607,20.382,110.115,20.392,110.125
608,20.382,110.125,20.392,110.135
609,20.382,110.135,20.392,110.145
610,20.382,110.145,20.392,110.155
611,20.382,110.155,20.392,110.165
612,20.382,110.165,20.392,110.175
613,20.382,110.175,20.392,110.185
614,20.382,110.185,20.392,110.195
615,20.382,110.195,20.392,110.205
616,20.382,110.205,20.392,110.215
617,20.382,110.215,20.392,110.225
618,20.382,110.225,20.392,110.235
619,20.382,110.235,20.392,110.245
620,20.382,110.245,20.392,110.255
621,20.382,110.255,20.392,110.265
622,20.382,110.265,20.392,110.275
623,20.382,110.275,20.392,110.285
624,20.382,110.285,20.392,110.295
625,20.382,110.295,20.392,110.305
626,20.382,110.305,20.392,110.315
627,20.382,110.315,20.392,110.325
628,20.382,110.325,20.392,110.335
629,20.382,110.335,20.392,110.345
630,20.382,110.345,20.392,110.355
631,20.382,110.355,20.392,110.365
632,20.382,110.365,20.392,110.375
633,20.382,110.375,20.392,110.385
634,20.382,110.385,20.392,110.395
635,20.382,110.395,20.392,110.405
636,20.382,110.405,20.392,110.415
637,20.382,110.415,20.392,110.425
638,20.382,110.425,20.392,110.435
639,20.382,110.435,20.392,110.445
640,20.382,110.445,20.392,110.455
641,20.382,110.455,20.392,110.465
642,20.382,110.465,20.392,110.475
643,20.392,109.875,20.402,109.885
644,20.392,109.885,20.402,109.895
645,20.392,109.895,20.402,109.905
646,20.392,109.905,20.402,109.915
647,20.392,109.915,20.402,109.925
648,20.392,109.925,20.402,109.935
649,20.392,109.935,20.402,109.945
650,20.392,109.945,20.402,109.955
651,20.392,109.955,20.402,109.965
652,20.392,109.965,20.402,109.975
653,20.392,110.005,20.402,110.015
654,20.392,110.015,20.402,110.025
655,20.392,110.025,20.402,110.035
656,20.392,110.035,20.402,110.045
657,20.392,110.045,20.402,110.055
658,20.392,110.055,20.402,110.065
659,20.392,110.065,20.402,110.075
660,20.392,110.075,20.402,110.085
661,20.392,110.085,20.402,110.095
662,20.392,110.095,20.402,110.105
663,20.392,110.105,20.402,110.115
664,20.392,110.115,20.402,110.125
665,20.392,110.125,20.402,110.135
666,20.392,110.135,20.402,110.145
667,20.392,110.145,20.402,110.155
668,20.392,110.155,20.402,110.165
669,20.392,110.165,20.402,110.175
670,20.392,110.175,20.402,110.185
671,20.392,110.185,20.402,110.195
672,20.392,110.195,20.402,110.205
673,20.392,110.205,20.402,110.215
674,20.392,110.215,20.402,110.225
675,20.392,110.225,20.402,110.235
676,20.392,110.235,20.402,110.245
677,20.392,110.245,20.402,110.255
678,20.392,110.255,20.402,110.265
679,20.392,110.265,20.402,110.275
680,20.392,110.275,20.402,110.285
681,20.392,110.285,20.402,110.295
682,20.392,110.295,20.402,110.305
683,20.392,110.305,20.402,110.315
684,20.392,110.315,20.402,110.325
685,20.392,110.325,20.402,110.335
686,20.392,110.335,20.402,110.345
687,20.392,110.345,20.402,110.355
688,20.392,110.355,20.402,110.365
689,20.392,110.365,20.402,110.375
690,20.392,110.375,20.402,110.385
691,20.392,110.385,20.402,110.395
692,20.392,110.395,20.402,110.405
693,20.392,110.405,20.402,110.415
694,20.392,110.415,20.402,110.425
695,20.392,110.425,20.402,110.435
696,20.392,110.435,20.402,110.445
697,20.392,110.445,20.402,110.455
698,20.392,110.455,20.402,110.465
699,20.392,110.465,20.402,110.475
700,20.402,109.865,20.412,109.875
701,20.402,109.895,20.412,109.905
702,20.402,109.905,20.412,109.915
703,20.402,109.915,20.412,109.925
704,20.402,109.925,20.412,109.935
705,20.402,109.935,20.412,109.945
706,20.402,110.015,20.412,110.025
707,20.402,110.025,20.412,110.035
708,20.402,110.035,20.412,110.045
709,20.402,110.045,20.412,110.055
710,20.402,110.055,20.412,110.065
711,20.402,110.065,20.412,110.075
712,20.402,110.075,20.412,110.085
713,20.402,110.085,20.412,110.095
714,20.402,110.095,20.412,110.105
715,20.402,110.105,20.412,110.115
716,20.402,110.115,20.412,110.125
717,20.402,110.125,20.412,110.135
718,20.402,110.135,20.412,110.145
719,20.402,110.145,20.412,110.155
720,20.402,110.155,20.412,110.165
721,20.402,110.165,20.412,110.175
722,20.402,110.175,20.412,110.185
723,20.402,110.185,20.412,110.195
724,20.402,110.195,20.412,110.205
725,20.402,110.205,20.412,110.215
726,20.402,110.215,20.412,110.225
727,20.402,110.225,20.412,110.235
728,20.402,110.235,20.412,110.245
729,20.402,110.245,20.412,110.255
730,20.402,110.255,20.412,110.265
731,20.402,110.265,20.412,110.275
732,20.402,110.275,20.412,110.285
733,20.402,110.285,20.412,110.295
734,20.402,110.295,20.412,110.305
735,20.402,110.305,20.412,110.315
736,20.402,110.315,20.412,110.325
737,20.402,110.325,20.412,110.335
738,20.402,110.335,20.412,110.345
739,20.402,110.345,20.412,110.355
740,20.402,110.355,20.412,110.365
741,20.402,110.365,20.412,110.375
742,20.402,110.375,20.412,110.385
743,20.402,110.385,20.412,110.395
744,20.402,110.395,20.412,110.405
745,20.402,110.405,20.412,110.415
746,20.402,110.415,20.412,110.425
747,20.402,110.425,20.412,110.435
748,20.402,110.435,20.412,110.445
749,20.402,110.445,20.412,110.455
750,20.402,110.455,20.412,110.465
751,20.402,110.465,20.412,110.475
752,20.402,110.475,20.412,110.485
753,20.412,109.895,20.422,109.905
754,20.412,109.905,20.422,109.915
755,20.412,109.915,20.422,109.925
756,20.412,109.925,20.422,109.935
757,20.412,110.015,20.422,110.025
758,20.412,110.025,20.422,110.035
759,20.412,110.035,20.422,110.045
760,20.412,110.045,20.422,110.055
761,20.412,110.055,20.422,110.065
762,20.412,110.065,20.422,110.075
763,20.412,110.075,20.422,110.085
764,20.412,110.085,20.422,110.095
765,20.412,110.095,20.422,110.105
766,20.412,110.105,20.422,110.115
767,20.412,110.115,20.422,110.125
768,20.412,110.125,20.422,110.135
769,20.412,110.135,20.422,110.145
770,20.412,110.145,20.422,110.155
771,20.412,110.155,20.422,110.165
772,20.412,110.165,20.422,110.175
773,20.412,110.175,20.422,110.185
774,20.412,110.185,20.422,110.195
775,20.412,110.195,20.422,110.205
776,20.412,110.205,20.422,110.215
777,20.412,110.215,20.422,110.225
778,20.412,110.225,20.422,110.235
779,20.412,110.235,20.422,110.245
780,20.412,110.245,20.422,110.255
781,20.412,110.255,20.422,110.265
782,20.412,110.265,20.422,110.275
783,20.412,110.275,20.422,110.285
784,20.412,110.285,20.422,110.295
785,20.412,110.295,20.422,110.305
786,20.412,110.305,20.422,110.315
787,20.412,110.315,20.422,110.325
788,20.412,110.325,20.422,110.335
789,20.412,110.335,20.422,110.345
790,20.412,110.345,20.422,110.355
791,20.412,110.355,20.422,110.365
792,20.412,110.365,20.422,110.375
793,20.412,110.375,20.422,110.385
794,20.412,110.385,20.422,110.395
795,20.412,110.395,20.422,110.405
796,20.412,110.405,20.422,110.415
797,20.412,110.415,20.422,110.425
798,20.412,110.425,20.422,110.435
799,20.412,110.435,20.422,110.445
800,20.412,110.445,20.422,110.455
801,20.412,110.455,20.422,110.465
802,20.412,110.465,20.422,110.475
803,20.412,110.475,20.422,110.485
804,20.412,110.485,20.422,110.495
805,20.412,110.495,20.422,110.505
806,20.422,109.905,20.432,109.915
807,20.422,110.015,20.432,110.025
808,20.422,110.025,20.432,110.035
809,20.422,110.035,20.432,110.045
810,20.422,110.045,20.432,110.055
811,20.422,110.055,20.432,110.065
812,20.422,110.065,20.432,110.075
813,20.422,110.075,20.432,110.085
814,20.422,110.085,20.432,110.095
815,20.422,110.095,20.432,110.105
816,20.422,110.105,20.432,110.115
817,20.422,110.115,20.432,110.125
818,20.422,110.125,20.432,110.135
819,20.422,110.135,20.432,110.145
820,20.422,110.145,20.432,110.155
821,20.422,110.155,20.432,110.165
822,20.422,110.165,20.432,110.175
823,20.422,110.175,20.432,110.185
824,20.422,110.185,20.432,110.195
825,20.422,110.195,20.432,110.205
826,20.422,110.205,20.432,110.215
827,20.422,110.215,20.432,110.225
828,20.422,110.225,20.432,110.235
829,20.422,110.235,20.432,110.245
830,20.422,110.245,20.432,110.255
831,20.422,110.255,20.432,110.265
832,20.422,110.265,20.432,110.275
833,20.422,110.275,20.432,110.285
834,20.422,110.285,20.432,110.295
835,20.422,110.295,20.432,110.305
836,20.422,110.305,20.432,110.315
837,20.422,110.315,20.432,110.325
838,20.422,110.325,20.432,110.335
839,20.422,110.335,20.432,110.345
840,20.422,110.345,20.432,110.355
841,20.422,110.355,20.432,110.365
842,20.422,110.365,20.432,110.375
843,20.422,110.375,20.432,110.385
844,20.422,110.385,20.432,110.395
845,20.422,110.395,20.432,110.405
846,20.422,110.405,20.432,110.415
847,20.422,110.415,20.432,110.425
848,20.422,110.425,20.432,110.435
849,20.422,110.435,20.432,110.445
850,20.422,110.445,20.432,110.455
851,20.422,110.455,20.432,110.465
852,20.422,110.465,20.432,110.475
853,20.422,110.475,20.432,110.485
854,20.422,110.485,20.432,110.495
855,20.422,110.495,20.432,110.505
856,20.422,110.505,20.432,110.515
857,20.432,110.015,20.442,110.025
858,20.432,110.025,20.442,110.035
859,20.432,110.035,20.442,110.045
860,20.432,110.045,20.442,110.055
861,20.432,110.055,20.442,110.065
862,20.432,110.065,20.442,110.075
863,20.432,110.075,20.442,110.085
864,20.432,110.085,20.442,110.095
865,20.432,110.095,20.442,110.105
866,20.432,110.105,20.442,110.115
867,20.432,110.115,20.442,110.125
868,20.432,110.125,20.442,110.135
869,20.432,110.135,20.442,110.145
870,20.432,110.145,20.442,110.155
871,20.432,110.155,20.442,110.165
872,20.432,110.165,20.442,110.175
873,20.432,110.175,20.442,110.185
874,20.432,110.185,20.442,110.195
875,20.432,110.195,20.442,110.205
876,20.432,110.205,20.442,110.215
877,20.432,110.215,20.442,110.225
878,20.432,110.225,20.442,110.235
879,20.432,110.235,20.442,110.245
880,20.432,110.245,20.442,110.255
881,20.432,110.255,20.442,110.265
882,20.432,110.265,20.442,110.275
883,20.432,110.275,20.442,110.285
884,20.432,110.285,20.442,110.295
885,20.432,110.295,20.442,110.305
886,20.432,110.305,20.442,110.315
887,20.432,110.315,20.442,110.325
888,20.432,110.325,20.442,110.335
889,20.432,110.335,20.442,110.345
890,20.432,110.345,20.442,110.355
891,20.432,110.355,20.442,110.365
892,20.432,110.365,20.442,110.375
893,20.432,110.375,20.442,110.385
894,20.432,110.385,20.442,110.395
895,20.432,110.395,20.442,110.405
896,20.432,110.405,20.442,110.415
897,20.432,110.415,20.442,110.425
898,20.432,110.425,20.442,110.435
899,20.432,110.435,20.442,110.445
900,20.432,110.445,20.442,110.455
901,20.432,110.455,20.442,110.465
902,20.432,110.465,20.442,110.475
903,20.432,110.475,20.442,110.485
904,20.432,110.485,20.442,110.495
905,20.432,110.495,20.442,110.505
906,20.432,110.505,20.442,110.515
907,20.442,110.085,20.452,110.095
908,20.442,110.095,20.452,110.105
909,20.442,110.105,20.452,110.115
910,20.442,110.115,20.452,110.125
911,20.442,110.125,20.452,110.135
912,20.442,110.135,20.452,110.145
913,20.442,110.145,20.452,110.155
914,20.442,110.155,20.452,110.165
915,20.442,110.165,20.452,110.175
916,20.442,110.175,20.452,110.185
917,20.442,110.185,20.452,110.195
918,20.442,110.195,20.452,110.205
919,20.442,110.205,20.452,110.215
920,20.442,110.215,20.452,110.225
921,20.442,110.225,20.452,110.235
922,20.442,110.235,20.452,110.245
923,20.442,110.245,20.452,110.255
924,20.442,110.255,20.452,110.265
925,20.442,110.265,20.452,110.275
926,20.442,110.275,20.452,110.285
927,20.442,110.285,20.452,110.295
928,20.442,110.295,20.452,110.305
929,20.442,110.305,20.452,110.315
930,20.442,110.315,20.452,110.325
931,20.442,110.325,20.452,110.335
932,20.442,110.335,20.452,110.345
933,20.442,110.345,20.452,110.355
934,20.442,110.355,20.452,110.365
935,20.442,110.365,20.452,110.375
936,20.442,110.375,20.452,110.385
937,20.442,110.385,20.452,110.395
938,20.442,110.395,20.452,110.405
939,20.442,110.405,20.452,110.415
940,20.442,110.415,20.452,110.425
941,20.442,110.425,20.452,110.435
942,20.442,110.435,20.452,110.445
943,20.442,110.445,20.452,110.455
944,20.442,110.455,20.452,110.465
945,20.442,110.465,20.452,110.475
946,20.442,110.475,20.452,110.485
947,20.442,110.485,20.452,110.495
948,20.442,110.495,20.452,110.505
949,20.442,110.505,20.452,110.515
950,20.442,110.515,20.452,110.525
951,20.452,110.085,20.462,110.095
952,20.452,110.095,20.462,110.105
953,20.452,110.105,20.462,110.115
954,20.452,110.115,20.462,110.125
955,20.452,110.125,20.462,110.135
956,20.452,110.135,20.462,110.145
957,20.452,110.145,20.462,110.155
958,20.452,110.155,20.462,110.165
959,20.452,110.165,20.462,110.175
960,20.452,110.175,20.462,110.185
961,20.452,110.185,20.462,110.195
962,20.452,110.195,20.462,110.205
963,20.452,110.205,20.462,110.215
964,20.452,110.215,20.462,110.225
965,20.452,110.225,20.462,110.235
966,20.452,110.235,20.462,110.245
967,20.452,110.245,20.462,110.255
968,20.452,110.255,20.462,110.265
969,20.452,110.265,20.462,110.275
970,20.452,110.275,20.462,110.285
971,20.452,110.285,20.462,110.295
972,20.452,110.295,20.462,110.305
973,20.452,110.305,20.462,110.315
974,20.452,110.315,20.462,110.325
975,20.452,110.325,20.462,110.335
976,20.452,110.335,20.462,110.345
977,20.452,110.345,20.462,110.355
978,20.452,110.355,20.462,110.365
979,20.452,110.365,20.462,110.375
980,20.452,110.375,20.462,110.385
981,20.452,110.385,20.462,110.395
982,20.452,110.395,20.462,110.405
983,20.452,110.405,20.462,110.415
984,20.452,110.415,20.462,110.425
985,20.452,110.425,20.462,110.435
986,20.452,110.435,20.462,110.445
987,20.452,110.445,20.462,110.455
988,20.452,110.455,20.462,110.465
989,20.452,110.465,20.462,110.475
990,20.452,110.475,20.462,110.485
991,20.452,110.485,20.462,110.495
992,20.452,110.495,20.462,110.505
993,20.452,110.505,20.462,110.515
994,20.452,110.515,20.462,110.525
995,20.462,110.095,20.472,110.105
996,20.462,110.105,20.472,110.115
997,20.462,110.115,20.472,110.125
998,20.462,110.125,20.472,110.135
999,20.462,110.135,20.472,110.145
1000,20.462,110.145,20.472,110.155
1001,20.462,110.155,20.472,110.165
1002,20.462,110.165,20.472,110.175
1003,20.462,110.175,20.472,110.185
1004,20.462,110.185,20.472,110.195
1005,20.462,110.195,20.472,110.205
1006,20.462,110.205,20.472,110.215
1007,20.462,110.215,20.472,110.225
1008,20.462,110.225,20.472,110.235
1009,20.462,110.235,20.472,110.245
1010,20.462,110.245,20.472,110.255
1011,20.462,110.255,20.472,110.265
1012,20.462,110.265,20.472,110.275
1013,20.462,110.275,20.472,110.285
1014,20.462,110.285,20.472,110.295
1015,20.462,110.295,20.472,110.305
1016,20.462,110.305,20.472,110.315
1017,20.462,110.315,20.472,110.325
1018,20.462,110.325,20.472,110.335
1019,20.462,110.335,20.472,110.345
1020,20.462,110.345,20.472,110.355
1021,20.462,110.355,20.472,110.365
1022,20.462,110.365,20.472,110.375
1023,20.462,110.375,20.472,110.385
1024,20.462,110.385,20.472,110.395
1025,20.462,110.395,20.472,110.405
1026,20.462,110.405,20.472,110.415
1027,20.462,110.415,20.472,110.425
1028,20.462,110.425,20.472,110.435
1029,20.462,110.435,20.472,110.445
1030,20.462,110.445,20.472,110.455
1031,20.462,110.455,20.472,110.465
1032,20.462,110.465,20.472,110.475
1033,20.462,110.475,20.472,110.485
1034,20.462,110.485,20.472,110.495
1035,20.462,110.495,20.472,110.505
1036,20.462,110.505,20.472,110.515
1037,20.462,110.515,20.472,110.525
1038,20.472,110.095,20.482,110.105
1039,20.472,110.105,20.482,110.115
1040,20.472,110.115,20.482,110.125
1041,20.472,110.125,20.482,110.135
1042,20.472,110.135,20.482,110.145
1043,20.472,110.145,20.482,110.155
1044,20.472,110.155,20.482,110.165
1045,20.472,110.165,20.482,110.175
1046,20.472,110.175,20.482,110.185
1047,20.472,110.185,20.482,110.195
1048,20.472,110.195,20.482,110.205
1049,20.472,110.205,20.482,110.215
1050,20.472,110.215,20.482,110.225
1051,20.472,110.225,20.482,110.235
1052,20.472,110.235,20.482,110.245
1053,20.472,110.245,20.482,110.255
1054,20.472,110.255,20.482,110.265
1055,20.472,110.265,20.482,110.275
1056,20.472,110.275,20.482,110.285
1057,20.472,110.285,20.482,110.295
1058,20.472,110.295,20.482,110.305
1059,20.472,110.305,20.482,110.315
1060,20.472,110.315,20.482,110.325
1061,20.472,110.325,20.482,110.335
1062,20.472,110.335,20.482,110.345
1063,20.472,110.345,20.482,110.355
1064,20.472,110.355,20.482,110.365
1065,20.472,110.365,20.482,110.375
1066,20.472,110.375,20.482,110.385
1067,20.472,110.385,20.482,110.395
1068,20.472,110.395,20.482,110.405
1069,20.472,110.405,20.482,110.415
1070,20.472,110.415,20.482,110.425
1071,20.472,110.425,20.482,110.435
1072,20.472,110.435,20.482,110.445
1073,20.472,110.445,20.482,110.455
1074,20.472,110.455,20.482,110.465
1075,20.472,110.465,20.482,110.475
1076,20.472,110.475,20.482,110.485
1077,20.472,110.485,20.482,110.495
1078,20.472,110.495,20.482,110.505
1079,20.472,110.505,20.482,110.515
1080,20.472,110.515,20.482,110.525
1081,20.472,110.525,20.482,110.535
1082,20.482,110.095,20.492,110.105
1083,20.482,110.105,20.492,110.115
1084,20.482,110.115,20.492,110.125
1085,20.482,110.125,20.492,110.135
1086,20.482,110.135,20.492,110.145
1087,20.482,110.145,20.492,110.155
1088,20.482,110.155,20.492,110.165
1089,20.482,110.165,20.492,110.175
1090,20.482,110.175,20.492,110.185
1091,20.482,110.185,20.492,110.195
1092,20.482,110.195,20.492,110.205
1093,20.482,110.205,20.492,110.215
1094,20.482,110.215,20.492,110.225
1095,20.482,110.225,20.492,110.235
1096,20.482,110.235,20.492,110.245
1097,20.482,110.245,20.492,110.255
1098,20.482,110.255,20.492,110.265
1099,20.482,110.265,20.492,110.275
1100,20.482,110.275,20.492,110.285
1101,20.482,110.285,20.492,110.295
1102,20.482,110.295,20.492,110.305
1103,20.482,110.305,20.492,110.315
1104,20.482,110.315,20.492,110.325
1105,20.482,110.325,20.492,110.335
1106,20.482,110.335,20.492,110.345
1107,20.482,110.345,20.492,110.355
1108,20.482,110.355,20.492,110.365
1109,20.482,110.365,20.492,110.375
1110,20.482,110.375,20.492,110.385
1111,20.482,110.385,20.492,110.395
1112,20.482,110.395,20.492,110.405
1113,20.482,110.405,20.492,110.415
1114,20.482,110.415,20.492,110.425
1115,20.482,110.425,20.492,110.435
1116,20.482,110.435,20.492,110.445
1117,20.482,110.445,20.492,110.455
1118,20.482,110.455,20.492,110.465
1119,20.482,110.465,20.492,110.475
1120,20.482,110.475,20.492,110.485
1121,20.482,110.485,20.492,110.495
1122,20.482,110.495,20.492,110.505
1123,20.482,110.505,20.492,110.515
1124,20.482,110.515,20.492,110.525
1125,20.492,110.095,20.502,110.105
1126,20.492,110.105,20.502,110.115
1127,20.492,110.115,20.502,110.125
1128,20.492,110.125,20.502,110.135
1129,20.492,110.135,20.502,110.145
1130,20.492,110.145,20.502,110.155
1131,20.492,110.155,20.502,110.165
1132,20.492,110.165,20.502,110.175
1133,20.492,110.175,20.502,110.185
1134,20.492,110.185,20.502,110.195
1135,20.492,110.195,20.502,110.205
1136,20.492,110.205,20.502,110.215
1137,20.492,110.215,20.502,110.225
1138,20.492,110.225,20.502,110.235
1139,20.492,110.235,20.502,110.245
1140,20.492,110.245,20.502,110.255
1141,20.492,110.255,20.502,110.265
1142,20.492,110.265,20.502,110.275
1143,20.492,110.275,20.502,110.285
1144,20.492,110.285,20.502,110.295
1145,20.492,110.295,20.502,110.305
1146,20.492,110.305,20.502,110.315
1147,20.492,110.315,20.502,110.325
1148,20.492,110.325,20.502,110.335
1149,20.492,110.335,20.502,110.345
1150,20.492,110.345,20.502,110.355
1151,20.492,110.355,20.502,110.365
1152,20.492,110.365,20.502,110.375
1153,20.492,110.375,20.502,110.385
1154,20.492,110.385,20.502,110.395
1155,20.492,110.395,20.502,110.405
1156,20.492,110.405,20.502,110.415
1157,20.492,110.415,20.502,110.425
1158,20.492,110.425,20.502,110.435
1159,20.492,110.435,20.502,110.445
1160,20.492,110.445,20.502,110.455
1161,20.492,110.455,20.502,110.465
1162,20.492,110.465,20.502,110.475
1163,20.492,110.475,20.502,110.485
1164,20.492,110.485,20.502,110.495
1165,20.492,110.495,20.502,110.505
1166,20.492,110.505,20.502,110.515
1167,20.492,110.515,20.502,110.525
1168,20.502,110.095,20.512,110.105
1169,20.502,110.105,20.512,110.115
1170,20.502,110.115,20.512,110.125
1171,20.502,110.125,20.512,110.135
1172,20.502,110.135,20.512,110.145
1173,20.502,110.145,20.512,110.155
1174,20.502,110.155,20.512,110.165
1175,20.502,110.165,20.512,110.175
1176,20.502,110.175,20.512,110.185
1177,20.502,110.185,20.512,110.195
1178,20.502,110.195,20.512,110.205
1179,20.502,110.205,20.512,110.215
1180,20.502,110.215,20.512,110.225
1181,20.502,110.225,20.512,110.235
1182,20.502,110.235,20.512,110.245
1183,20.502,110.245,20.512,110.255
1184,20.502,110.255,20.512,110.265
1185,20.502,110.265,20.512,110.275
1186,20.502,110.275,20.512,110.285
1187,20.502,110.285,20.512,110.295
1188,20.502,110.295,20.512,110.305
1189,20.502,110.305,20.512,110.315
1190,20.502,110.315,20.512,110.325
1191,20.502,110.325,20.512,110.335
1192,20.502,110.335,20.512,110.345
1193,20.502,110.345,20.512,110.355
1194,20.502,110.355,20.512,110.365
1195,20.502,110.365,20.512,110.375
1196,20.502,110.375,20.512,110.385
1197,20.502,110.385,20.512,110.395
1198,20.502,110.395,20.512,110.405
1199,20.502,110.405,20.512,110.415
1200,20.502,110.415,20.512,110.425
1201,20.502,110.425,20.512,110.435
1202,20.502,110.435,20.512,110.445
1203,20.502,110.445,20.512,110.455
1204,20.502,110.455,20.512,110.465
1205,20.502,110.465,20.512,110.475
1206,20.502,110.475,20.512,110.485
1207,20.502,110.485,20.512,110.495
1208,20.502,110.495,20.512,110.505
1209,20.502,110.505,20.512,110.515
1210,20.512,110.105,20.522,110.115
1211,20.512,110.115,20.522,110.125
1212,20.512,110.125,20.522,110.135
1213,20.512,110.135,20.522,110.145
1214,20.512,110.145,20.522,110.155
1215,20.512,110.155,20.522,110.165
1216,20.512,110.165,20.522,110.175
1217,20.512,110.175,20.522,110.185
1218,20.512,110.185,20.522,110.195
1219,20.512,110.195,20.522,110.205
1220,20.512,110.205,20.522,110.215
1221,20.512,110.215,20.522,110.225
1222,20.512,110.225,20.522,110.235
1223,20.512,110.235,20.522,110.245
1224,20.512,110.245,20.522,110.255
1225,20.512,110.255,20.522,110.265
1226,20.512,110.265,20.522,110.275
1227,20.512,110.275,20.522,110.285
1228,20.512,110.285,20.522,110.295
1229,20.512,110.295,20.522,110.305
1230,20.512,110.305,20.522,110.315
1231,20.512,110.315,20.522,110.325
1232,20.512,110.325,20.522,110.335
1233,20.512,110.335,20.522,110.345
1234,20.512,110.345,20.522,110.355
1235,20.512,110.355,20.522,110.365
1236,20.512,110.365,20.522,110.375
1237,20.512,110.375,20.522,110.385
1238,20.512,110.385,20.522,110.395
1239,20.512,110.395,20.522,110.405
1240,20.512,110.405,20.522,110.415
1241,20.512,110.415,20.522,110.425
1242,20.512,110.425,20.522,110.435
1243,20.512,110.435,20.522,110.445
1244,20.512,110.445,20.522,110.455
1245,20.512,110.455,20.522,110.465
1246,20.512,110.465,20.522,110.475
1247,20.512,110.475,20.522,110.485
1248,20.512,110.485,20.522,110.495
1249,20.512,110.495,20.522,110.505
1250,20.512,110.505,20.522,110.515
1251,20.522,110.115,20.532,110.125
1252,20.522,110.125,20.532,110.135
1253,20.522,110.135,20.532,110.145
1254,20.522,110.145,20.532,110.155
1255,20.522,110.155,20.532,110.165
1256,20.522,110.165,20.532,110.175
1257,20.522,110.175,20.532,110.185
1258,20.522,110.185,20.532,110.195
1259,20.522,110.195,20.532,110.205
1260,20.522,110.205,20.532,110.215
1261,20.522,110.215,20.532,110.225
1262,20.522,110.225,20.532,110.235
1263,20.522,110.235,20.532,110.245
1264,20.522,110.245,20.532,110.255
1265,20.522,110.255,20.532,110.265
1266,20.522,110.265,20.532,110.275
1267,20.522,110.275,20.532,110.285
1268,20.522,110.285,20.532,110.295
1269,20.522,110.295,20.532,110.305
1270,20.522,110.305,20.532,110.315
1271,20.522,110.315,20.532,110.325
1272,20.522,110.325,20.532,110.335
1273,20.522,110.335,20.532,110.345
1274,20.522,110.345,20.532,110.355
1275,20.522,110.355,20.532,110.365
1276,20.522,110.365,20.532,110.375
1277,20.522,110.375,20.532,110.385
1278,20.522,110.385,20.532,110.395
1279,20.522,110.395,20.532,110.405
1280,20.522,110.405,20.532,110.415
1281,20.522,110.415,20.532,110.425
1282,20.522,110.425,20.532,110.435
1283,20.522,110.435,20.532,110.445
1284,20.522,110.445,20.532,110.455
1285,20.522,110.455,20.532,110.465
1286,20.522,110.465,20.532,110.475
1287,20.522,110.475,20.532,110.485
1288,20.522,110.485,20.532,110.495
1289,20.522,110.495,20.532,110.505
1290,20.532,110.115,20.542,110.125
1291,20.532,110.125,20.542,110.135
1292,20.532,110.135,20.542,110.145
1293,20.532,110.145,20.542,110.155
1294,20.532,110.155,20.542,110.165
1295,20.532,110.165,20.542,110.175
1296,20.532,110.175,20.542,110.185
1297,20.532,110.185,20.542,110.195
1298,20.532,110.195,20.542,110.205
1299,20.532,110.205,20.542,110.215
1300,20.532,110.215,20.542,110.225
1301,20.532,110.225,20.542,110.235
1302,20.532,110.235,20.542,110.245
1303,20.532,110.245,20.542,110.255
1304,20.532,110.255,20.542,110.265
1305,20.532,110.265,20.542,110.275
1306,20.532,110.275,20.542,110.285
1307,20.532,110.285,20.542,110.295
1308,20.532,110.295,20.542,110.305
1309,20.532,110.305,20.542,110.315
1310,20.532,110.315,20.542,110.325
1311,20.532,110.325,20.542,110.335
1312,20.532,110.335,20.542,110.345
1313,20.532,110.345,20.542,110.355
1314,20.532,110.355,20.542,110.365
1315,20.532,110.365,20.542,110.375
1316,20.532,110.375,20.542,110.385
1317,20.532,110.385,20.542,110.395
1318,20.532,110.395,20.542,110.405
1319,20.532,110.405,20.542,110.415
1320,20.532,110.415,20.542,110.425
1321,20.532,110.425,20.542,110.435
1322,20.532,110.435,20.542,110.445
1323,20.532,110.445,20.542,110.455
1324,20.532,110.455,20.542,110.465
1325,20.532,110.465,20.542,110.475
1326,20.532,110.475,20.542,110.485
1327,20.532,110.485,20.542,110.495
1328,20.532,110.495,20.542,110.505
1329,20.542,110.125,20.552,110.135
1330,20.542,110.135,20.552,110.145
1331,20.542,110.175,20.552,110.185
1332,20.542,110.185,20.552,110.195
1333,20.542,110.195,20.552,110.205
1334,20.542,110.205,20.552,110.215
1335,20.542,110.215,20.552,110.225
1336,20.542,110.225,20.552,110.235
1337,20.542,110.235,20.552,110.245
1338,20.542,110.245,20.552,110.255
1339,20.542,110.255,20.552,110.265
1340,20.542,110.265,20.552,110.275
1341,20.542,110.275,20.552,110.285
1342,20.542,110.285,20.552,110.295
1343,20.542,110.295,20.552,110.305
1344,20.542,110.305,20.552,110.315
1345,20.542,110.315,20.552,110.325
1346,20.542,110.325,20.552,110.335
1347,20.542,110.335,20.552,110.345
1348,20.542,110.345,20.552,110.355
1349,20.542,110.355,20.552,110.365
1350,20.542,110.365,20.552,110.375
1351,20.542,110.375,20.552,110.385
1352,20.542,110.385,20.552,110.395
1353,20.542,110.395,20.552,110.405
1354,20.542,110.405,20.552,110.415
1355,20.542,110.415,20.552,110.425
1356,20.542,110.425,20.552,110.435
1357,20.542,110.435,20.552,110.445
1358,20.542,110.445,20.552,110.455
1359,20.542,110.455,20.552,110.465
1360,20.542,110.465,20.552,110.475
1361,20.542,110.475,20.552,110.485
1362,20.542,110.485,20.552,110.495
1363,20.552,110.195,20.562,110.205
1364,20.552,110.205,20.562,110.215
1365,20.552,110.215,20.562,110.225
1366,20.552,110.225,20.562,110.235
1367,20.552,110.235,20.562,110.245
1368,20.552,110.245,20.562,110.255
1369,20.552,110.255,20.562,110.265
1370,20.552,110.265,20.562,110.275
1371,20.552,110.275,20.562,110.285
1372,20.552,110.285,20.562,110.295
1373,20.552,110.295,20.562,110.305
1374,20.552,110.305,20.562,110.315
1375,20.552,110.315,20.562,110.325
1376,20.552,110.325,20.562,110.335
1377,20.552,110.335,20.562,110.345
1378,20.552,110.345,20.562,110.355
1379,20.552,110.355,20.562,110.365
1380,20.552,110.365,20.562,110.375
1381,20.552,110.375,20.562,110.385
1382,20.552,110.385,20.562,110.395
1383,20.552,110.395,20.562,110.405
1384,20.552,110.405,20.562,110.415
1385,20.552,110.415,20.562,110.425
1386,20.552,110.425,20.562,110.435
1387,20.552,110.435,20.562,110.445
1388,20.552,110.445,20.562,110.455
1389,20.552,110.455,20.562,110.465
1390,20.552,110.465,20.562,110.475
1391,20.552,110.475,20.562,110.485
1392,20.552,110.485,20.562,110.495
1393,20.562,110.205,20.572,110.215
1394,20.562,110.215,20.572,110.225
1395,20.562,110.265,20.572,110.275
1396,20.562,110.275,20.572,110.285
1397,20.562,110.285,20.572,110.295
1398,20.562,110.295,20.572,110.305
1399,20.562,110.305,20.572,110.315
1400,20.562,110.315,20.572,110.325
1401,20.562,110.325,20.572,110.335
1402,20.562,110.335,20.572,110.345
1403,20.562,110.345,20.572,110.355
1404,20.562,110.355,20.572,110.365
1405,20.562,110.365,20.572,110.375
1406,20.562,110.375,20.572,110.385
1407,20.562,110.385,20.572,110.395
1408,20.562,110.395,20.572,110.405
1409,20.562,110.405,20.572,110.415
1410,20.562,110.415,20.572,110.425
1411,20.562,110.425,20.572,110.435
1412,20.562,110.435,20.572,110.445
1413,20.562,110.455,20.572,110.465
1414,20.562,110.465,20.572,110.475
1415,20.562,110.475,20.572,110.485
1416,20.572,110.265,20.582,110.275
1417,20.572,110.275,20.582,110.285
1418,20.572,110.285,20.582,110.295
1419,20.572,110.295,20.582,110.305
1420,20.572,110.305,20.582,110.315
1421,20.572,110.315,20.582,110.325
1422,20.572,110.325,20.582,110.335
1423,20.572,110.335,20.582,110.345
1424,20.572,110.345,20.582,110.355
1425,20.572,110.355,20.582,110.365
1426,20.572,110.365,20.582,110.375
1427,20.572,110.375,20.582,110.385
1428,20.572,110.385,20.582,110.395
1429,20.572,110.395,20.582,110.405
1430,20.572,110.405,20.582,110.415
1431,20.572,110.415,20.582,110.425
1432,20.572,110.425,20.582,110.435
1433,20.572,110.445,20.582,110.455
1434,20.572,110.465,20.582,110.475
1435,20.582,110.275,20.592,110.285
1436,20.582,110.285,20.592,110.295
1437,20.582,110.295,20.592,110.305
1438,20.582,110.305,20.592,110.315
1439,20.582,110.315,20.592,110.325
1440,20.582,110.325,20.592,110.335
1441,20.582,110.335,20.592,110.345
1442,20.582,110.345,20.592,110.355
1443,20.582,110.355,20.592,110.365
1444,20.582,110.365,20.592,110.375
1445,20.582,110.375,20.592,110.385
1446,20.582,110.385,20.592,110.395
1447,20.582,110.395,20.592,110.405
1448,20.582,110.405,20.592,110.415
1449,20.582,110.445,20.592,110.455
1450,20.582,110.455,20.592,110.465
1451,20.582,110.465,20.592,110.475
1452,20.582,110.475,20.592,110.485
1453,20.592,110.275,20.602,110.285
1454,20.592,110.285,20.602,110.295
1455,20.592,110.295,20.602,110.305
1456,20.592,110.305,20.602,110.315
1457,20.592,110.315,20.602,110.325
1458,20.592,110.325,20.602,110.335
1459,20.592,110.335,20.602,110.345
1460,20.592,110.345,20.602,110.355
1461,20.592,110.355,20.602,110.365
1462,20.592,110.365,20.602,110.375
1463,20.592,110.375,20.602,110.385
1464,20.592,110.385,20.602,110.395
1465,20.592,110.395,20.602,110.405
1466,20.592,110.415,20.602,110.425
1467,20.592,110.435,20.602,110.445
1468,20.592,110.445,20.602,110.455
1469,20.592,110.455,20.602,110.465
1470,20.592,110.465,20.602,110.475
1471,20.592,110.475,20.602,110.485
1472,20.602,110.295,20.612,110.305
1473,20.602,110.305,20.612,110.315
1474,20.602,110.315,20.612,110.325
1475,20.602,110.325,20.612,110.335
1476,20.602,110.335,20.612,110.345
1477,20.602,110.345,20.612,110.355
1478,20.602,110.355,20.612,110.365
1479,20.602,110.365,20.612,110.375
1480,20.602,110.375,20.612,110.385
1481,20.602,110.385,20.612,110.395
1482,20.602,110.405,20.612,110.415
1483,20.602,110.415,20.612,110.425
1484,20.602,110.435,20.612,110.445
1485,20.602,110.445,20.612,110.455
1486,20.602,110.455,20.612,110.465
1487,20.602,110.465,20.612,110.475
1488,20.602,110.475,20.612,110.485
1489,20.612,110.315,20.622,110.325
1490,20.612,110.325,20.622,110.335
1491,20.612,110.335,20.622,110.345
1492,20.612,110.345,20.622,110.355
1493,20.612,110.355,20.622,110.365
1494,20.612,110.365,20.622,110.375
1495,20.612,110.375,20.622,110.385
1496,20.612,110.385,20.622,110.395
1497,20.612,110.395,20.622,110.405
1498,20.612,110.435,20.622,110.445
1499,20.612,110.445,20.622,110.455
1500,20.612,110.455,20.622,110.465
1501,20.612,110.465,20.622,110.475
1502,20.612,110.475,20.622,110.485
1503,20.622,110.335,20.632,110.345
1504,20.622,110.345,20.632,110.355
1505,20.622,110.355,20.632,110.365
1506,20.622,110.365,20.632,110.375
1507,20.622,110.375,20.632,110.385
1508,20.622,110.385,20.632,110.395
1509,20.622,110.395,20.632,110.405
1510,20.622,110.435,20.632,110.445
1511,20.622,110.445,20.632,110.455
1512,20.622,110.455,20.632,110.465
1513,20.622,110.465,20.632,110.475
1514,20.622,110.475,20.632,110.485
1515,20.632,110.355,20.642,110.365
1516,20.632,110.365,20.642,110.375
1517,20.632,110.375,20.642,110.385
1518,20.632,110.385,20.642,110.395
1519,20.632,110.395,20.642,110.405
1520,20.632,110.405,20.642,110.415
1521,20.632,110.425,20.642,110.435
1522,20.632,110.435,20.642,110.445
1523,20.632,110.445,20.642,110.455
1524,20.632,110.455,20.642,110.465
1525,20.632,110.465,20.642,110.475
1526,20.642,110.375,20.652,110.385
1527,20.642,110.405,20.652,110.415
1528,20.642,110.415,20.652,110.425
1529,20.642,110.425,20.652,110.435
1530,20.642,110.435,20.652,110.445
1531,20.642,110.445,20.652,110.455
1532,20.642,110.455,20.652,110.465
1533,20.642,110.465,20.652,110.475
1534,20.652,110.375,20.662,110.385
1535,20.652,110.385,20.662,110.395
1536,20.652,110.405,20.662,110.415
1537,20.652,110.415,20.662,110.425
1538,20.652,110.425,20.662,110.435
1539,20.652,110.435,20.662,110.445
1540,20.652,110.445,20.662,110.455
1541,20.652,110.455,20.662,110.465
1542,20.652,110.465,20.662,110.475
1543,20.662,110.385,20.672,110.395
1544,20.662,110.405,20.672,110.415
1545,20.662,110.435,20.672,110.445
1546,20.662,110.455,20.672,110.465
1547,20.682,110.405,20.692,110.415
1548,20.682,110.415,20.692,110.425
1549,20.682,110.425,20.692,110.435
1550,20.692,110.415,20.702,110.425
1551,20.692,110.425,20.702,110.435
1552,20.702,110.405,20.712,110.415
1553,20.702,110.415,20.712,110.425
