FID,Lat,Lon,lat1,lon1,lat2,lon4,output
0,20.227,109.92,20.222,109.915,20.232,109.925,79
1,20.237,109.93,20.232,109.925,20.242,109.935,42
2,20.247,109.92,20.242,109.915,20.252,109.925,56
3,20.247,109.93,20.242,109.925,20.252,109.935,38
4,20.247,109.94,20.242,109.935,20.252,109.945,29
5,20.247,110.12,20.242,110.115,20.252,110.125,0
6,20.247,110.13,20.242,110.125,20.252,110.135,38
7,20.247,110.14,20.242,110.135,20.252,110.145,16
8,20.247,110.15,20.242,110.145,20.252,110.155,6
9,20.247,110.16,20.242,110.155,20.252,110.165,79
10,20.247,110.17,20.242,110.165,20.252,110.175,51
11,20.247,110.18,20.242,110.175,20.252,110.185,40
12,20.257,109.92,20.252,109.915,20.262,109.925,9
13,20.257,109.93,20.252,109.925,20.262,109.935,79
14,20.257,109.94,20.252,109.935,20.262,109.945,72
15,20.257,109.95,20.252,109.945,20.262,109.955,37
16,20.257,110.12,20.252,110.115,20.262,110.125,50
17,20.257,110.13,20.252,110.125,20.262,110.135,68
18,20.257,110.14,20.252,110.135,20.262,110.145,27
19,20.257,110.15,20.252,110.145,20.262,110.155,25
20,20.257,110.16,20.252,110.155,20.262,110.165,50
21,20.257,110.17,20.252,110.165,20.262,110.175,35
22,20.257,110.18,20.252,110.175,20.262,110.185,78
23,20.257,110.19,20.252,110.185,20.262,110.195,42
24,20.257,110.28,20.252,110.275,20.262,110.285,73
25,20.267,109.93,20.262,109.925,20.272,109.935,14
26,20.267,109.94,20.262,109.935,20.272,109.945,59
27,20.267,109.95,20.262,109.945,20.272,109.955,64
28,20.267,109.96,20.262,109.955,20.272,109.965,44
29,20.267,110.01,20.262,110.005,20.272,110.015,65
30,20.267,110.09,20.262,110.085,20.272,110.095,68
31,20.267,110.1,20.262,110.095,20.272,110.105,30
32,20.267,110.11,20.262,110.105,20.272,110.115,74
33,20.267,110.12,20.262,110.115,20.272,110.125,68
34,20.267,110.13,20.262,110.125,20.272,110.135,51
35,20.267,110.14,20.262,110.135,20.272,110.145,19
36,20.267,110.15,20.262,110.145,20.272,110.155,10
37,20.267,110.16,20.262,110.155,20.272,110.165,35
38,20.267,110.17,20.262,110.165,20.272,110.175,0
39,20.267,110.18,20.262,110.175,20.272,110.185,66
40,20.267,110.19,20.262,110.185,20.272,110.195,50
41,20.267,110.25,20.262,110.245,20.272,110.255,21
42,20.267,110.27,20.262,110.265,20.272,110.275,66
43,20.267,110.28,20.262,110.275,20.272,110.285,1
44,20.267,110.29,20.262,110.285,20.272,110.295,48
45,20.267,110.3,20.262,110.295,20.272,110.305,25
46,20.267,110.31,20.262,110.305,20.272,110.315,20
47,20.267,110.32,20.262,110.315,20.272,110.325,64
48,20.267,110.33,20.262,110.325,20.272,110.335,9
49,20.277,109.94,20.272,109.935,20.282,109.945,28
50,20.277,109.95,20.272,109.945,20.282,109.955,39
51,20.277,109.96,20.272,109.955,20.282,109.965,36
52,20.277,109.97,20.272,109.965,20.282,109.975,6
53,20.277,110.01,20.272,110.005,20.282,110.015,17
54,20.277,110.07,20.272,110.065,20.282,110.075,74
55,20.277,110.08,20.272,110.075,20.282,110.085,37
56,20.277,110.09,20.272,110.085,20.282,110.095,2
57,20.277,110.1,20.272,110.095,20.282,110.105,55
58,20.277,110.11,20.272,110.105,20.282,110.115,60
59,20.277,110.12,20.272,110.115,20.282,110.125,69
60,20.277,110.13,20.272,110.125,20.282,110.135,57
61,20.277,110.14,20.272,110.135,20.282,110.145,41
62,20.277,110.15,20.272,110.145,20.282,110.155,50
63,20.277,110.16,20.272,110.155,20.282,110.165,7
64,20.277,110.17,20.272,110.165,20.282,110.175,61
65,20.277,110.18,20.272,110.175,20.282,110.185,1
66,20.277,110.19,20.272,110.185,20.282,110.195,50
67,20.277,110.2,20.272,110.195,20.282,110.205,14
68,20.277,110.21,20.272,110.205,20.282,110.215,67
69,20.277,110.22,20.272,110.215,20.282,110.225,3
70,20.277,110.23,20.272,110.225,20.282,110.235,39
71,20.277,110.24,20.272,110.235,20.282,110.245,15
72,20.277,110.25,20.272,110.245,20.282,110.255,56
73,20.277,110.26,20.272,110.255,20.282,110.265,21
74,20.277,110.27,20.272,110.265,20.282,110.275,19
75,20.277,110.28,20.272,110.275,20.282,110.285,42
76,20.277,110.29,20.272,110.285,20.282,110.295,21
77,20.277,110.3,20.272,110.295,20.282,110.305,59
78,20.277,110.31,20.272,110.305,20.282,110.315,68
79,20.277,110.32,20.272,110.315,20.282,110.325,48
80,20.277,110.33,20.272,110.325,20.282,110.335,74
81,20.287,109.94,20.282,109.935,20.292,109.945,80
82,20.287,109.95,20.282,109.945,20.292,109.955,56
83,20.287,109.96,20.282,109.955,20.292,109.965,4
84,20.287,109.97,20.282,109.965,20.292,109.975,74
85,20.287,109.98,20.282,109.975,20.292,109.985,41
86,20.287,110,20.282,109.995,20.292,110.005,66
87,20.287,110.01,20.282,110.005,20.292,110.015,32
88,20.287,110.03,20.282,110.025,20.292,110.035,35
89,20.287,110.06,20.282,110.055,20.292,110.065,43
90,20.287,110.07,20.282,110.065,20.292,110.075,4
91,20.287,110.08,20.282,110.075,20.292,110.085,65
92,20.287,110.09,20.282,110.085,20.292,110.095,7
93,20.287,110.1,20.282,110.095,20.292,110.105,47
94,20.287,110.11,20.282,110.105,20.292,110.115,33
95,20.287,110.12,20.282,110.115,20.292,110.125,63
96,20.287,110.13,20.282,110.125,20.292,110.135,16
97,20.287,110.14,20.282,110.135,20.292,110.145,1
98,20.287,110.15,20.282,110.145,20.292,110.155,56
99,20.287,110.16,20.282,110.155,20.292,110.165,22
100,20.287,110.17,20.282,110.165,20.292,110.175,61
101,20.287,110.18,20.282,110.175,20.292,110.185,68
102,20.287,110.19,20.282,110.185,20.292,110.195,24
103,20.287,110.2,20.282,110.195,20.292,110.205,24
104,20.287,110.21,20.282,110.205,20.292,110.215,11
105,20.287,110.22,20.282,110.215,20.292,110.225,9
106,20.287,110.23,20.282,110.225,20.292,110.235,37
107,20.287,110.24,20.282,110.235,20.292,110.245,27
108,20.287,110.25,20.282,110.245,20.292,110.255,40
109,20.287,110.26,20.282,110.255,20.292,110.265,16
110,20.287,110.27,20.282,110.265,20.292,110.275,78
111,20.287,110.28,20.282,110.275,20.292,110.285,25
112,20.287,110.29,20.282,110.285,20.292,110.295,72
113,20.287,110.3,20.282,110.295,20.292,110.305,73
114,20.287,110.31,20.282,110.305,20.292,110.315,65
115,20.287,110.32,20.282,110.315,20.292,110.325,9
116,20.287,110.33,20.282,110.325,20.292,110.335,38
117,20.287,110.34,20.282,110.335,20.292,110.345,28
118,20.287,110.35,20.282,110.345,20.292,110.355,31
119,20.297,109.94,20.292,109.935,20.302,109.945,19
120,20.297,109.95,20.292,109.945,20.302,109.955,11
121,20.297,109.96,20.292,109.955,20.302,109.965,2
122,20.297,109.97,20.292,109.965,20.302,109.975,79
123,20.297,109.98,20.292,109.975,20.302,109.985,9
124,20.297,109.99,20.292,109.985,20.302,109.995,69
125,20.297,110,20.292,109.995,20.302,110.005,72
126,20.297,110.01,20.292,110.005,20.302,110.015,57
127,20.297,110.02,20.292,110.015,20.302,110.025,62
128,20.297,110.03,20.292,110.025,20.302,110.035,22
129,20.297,110.04,20.292,110.035,20.302,110.045,37
130,20.297,110.05,20.292,110.045,20.302,110.055,48
131,20.297,110.06,20.292,110.055,20.302,110.065,30
132,20.297,110.07,20.292,110.065,20.302,110.075,34
133,20.297,110.08,20.292,110.075,20.302,110.085,5
134,20.297,110.09,20.292,110.085,20.302,110.095,54
135,20.297,110.1,20.292,110.095,20.302,110.105,64
136,20.297,110.11,20.292,110.105,20.302,110.115,18
137,20.297,110.12,20.292,110.115,20.302,110.125,48
138,20.297,110.13,20.292,110.125,20.302,110.135,15
139,20.297,110.14,20.292,110.135,20.302,110.145,20
140,20.297,110.15,20.292,110.145,20.302,110.155,5
141,20.297,110.16,20.292,110.155,20.302,110.165,16
142,20.297,110.17,20.292,110.165,20.302,110.175,3
143,20.297,110.18,20.292,110.175,20.302,110.185,68
144,20.297,110.19,20.292,110.185,20.302,110.195,77
145,20.297,110.2,20.292,110.195,20.302,110.205,49
146,20.297,110.21,20.292,110.205,20.302,110.215,35
147,20.297,110.22,20.292,110.215,20.302,110.225,68
148,20.297,110.23,20.292,110.225,20.302,110.235,21
149,20.297,110.24,20.292,110.235,20.302,110.245,4
150,20.297,110.25,20.292,110.245,20.302,110.255,69
151,20.297,110.26,20.292,110.255,20.302,110.265,14
152,20.297,110.27,20.292,110.265,20.302,110.275,77
153,20.297,110.28,20.292,110.275,20.302,110.285,52
154,20.297,110.29,20.292,110.285,20.302,110.295,22
155,20.297,110.3,20.292,110.295,20.302,110.305,56
156,20.297,110.31,20.292,110.305,20.302,110.315,20
157,20.297,110.32,20.292,110.315,20.302,110.325,73
158,20.297,110.33,20.292,110.325,20.302,110.335,23
159,20.297,110.34,20.292,110.335,20.302,110.345,0
160,20.297,110.35,20.292,110.345,20.302,110.355,55
161,20.307,109.94,20.302,109.935,20.312,109.945,2
162,20.307,109.95,20.302,109.945,20.312,109.955,44
163,20.307,109.96,20.302,109.955,20.312,109.965,31
164,20.307,109.97,20.302,109.965,20.312,109.975,17
165,20.307,109.98,20.302,109.975,20.312,109.985,69
166,20.307,109.99,20.302,109.985,20.312,109.995,50
167,20.307,110,20.302,109.995,20.312,110.005,31
168,20.307,110.01,20.302,110.005,20.312,110.015,60
169,20.307,110.02,20.302,110.015,20.312,110.025,43
170,20.307,110.03,20.302,110.025,20.312,110.035,18
171,20.307,110.04,20.302,110.035,20.312,110.045,37
172,20.307,110.05,20.302,110.045,20.312,110.055,25
173,20.307,110.06,20.302,110.055,20.312,110.065,47
174,20.307,110.07,20.302,110.065,20.312,110.075,61
175,20.307,110.08,20.302,110.075,20.312,110.085,36
176,20.307,110.09,20.302,110.085,20.312,110.095,0
177,20.307,110.1,20.302,110.095,20.312,110.105,15
178,20.307,110.11,20.302,110.105,20.312,110.115,6
179,20.307,110.12,20.302,110.115,20.312,110.125,19
180,20.307,110.13,20.302,110.125,20.312,110.135,2
181,20.307,110.14,20.302,110.135,20.312,110.145,7
182,20.307,110.15,20.302,110.145,20.312,110.155,57
183,20.307,110.16,20.302,110.155,20.312,110.165,74
184,20.307,110.17,20.302,110.165,20.312,110.175,48
185,20.307,110.18,20.302,110.175,20.312,110.185,76
186,20.307,110.19,20.302,110.185,20.312,110.195,57
187,20.307,110.2,20.302,110.195,20.312,110.205,13
188,20.307,110.21,20.302,110.205,20.312,110.215,62
189,20.307,110.22,20.302,110.215,20.312,110.225,39
190,20.307,110.23,20.302,110.225,20.312,110.235,59
191,20.307,110.24,20.302,110.235,20.312,110.245,63
192,20.307,110.25,20.302,110.245,20.312,110.255,24
193,20.307,110.26,20.302,110.255,20.312,110.265,48
194,20.307,110.27,20.302,110.265,20.312,110.275,28
195,20.307,110.28,20.302,110.275,20.312,110.285,61
196,20.307,110.29,20.302,110.285,20.312,110.295,39
197,20.307,110.3,20.302,110.295,20.312,110.305,63
198,20.307,110.31,20.302,110.305,20.312,110.315,39
199,20.307,110.32,20.302,110.315,20.312,110.325,13
200,20.307,110.33,20.302,110.325,20.312,110.335,7
201,20.307,110.34,20.302,110.335,20.312,110.345,21
202,20.307,110.35,20.302,110.345,20.312,110.355,78
203,20.307,110.36,20.302,110.355,20.312,110.365,59
204,20.307,110.37,20.302,110.365,20.312,110.375,28
205,20.307,110.39,20.302,110.385,20.312,110.395,66
206,20.307,110.4,20.302,110.395,20.312,110.405,54
207,20.317,109.93,20.312,109.925,20.322,109.935,63
208,20.317,109.94,20.312,109.935,20.322,109.945,21
209,20.317,109.95,20.312,109.945,20.322,109.955,39
210,20.317,109.96,20.312,109.955,20.322,109.965,74
211,20.317,109.97,20.312,109.965,20.322,109.975,6
212,20.317,109.98,20.312,109.975,20.322,109.985,44
213,20.317,109.99,20.312,109.985,20.322,109.995,69
214,20.317,110,20.312,109.995,20.322,110.005,42
215,20.317,110.01,20.312,110.005,20.322,110.015,4
216,20.317,110.02,20.312,110.015,20.322,110.025,8
217,20.317,110.03,20.312,110.025,20.322,110.035,44
218,20.317,110.04,20.312,110.035,20.322,110.045,19
219,20.317,110.05,20.312,110.045,20.322,110.055,43
220,20.317,110.06,20.312,110.055,20.322,110.065,33
221,20.317,110.07,20.312,110.065,20.322,110.075,56
222,20.317,110.08,20.312,110.075,20.322,110.085,62
223,20.317,110.09,20.312,110.085,20.322,110.095,4
224,20.317,110.1,20.312,110.095,20.322,110.105,68
225,20.317,110.11,20.312,110.105,20.322,110.115,25
226,20.317,110.12,20.312,110.115,20.322,110.125,9
227,20.317,110.13,20.312,110.125,20.322,110.135,41
228,20.317,110.14,20.312,110.135,20.322,110.145,11
229,20.317,110.15,20.312,110.145,20.322,110.155,65
230,20.317,110.16,20.312,110.155,20.322,110.165,17
231,20.317,110.17,20.312,110.165,20.322,110.175,7
232,20.317,110.18,20.312,110.175,20.322,110.185,24
233,20.317,110.19,20.312,110.185,20.322,110.195,80
234,20.317,110.2,20.312,110.195,20.322,110.205,12
235,20.317,110.21,20.312,110.205,20.322,110.215,52
236,20.317,110.22,20.312,110.215,20.322,110.225,5
237,20.317,110.23,20.312,110.225,20.322,110.235,64
238,20.317,110.24,20.312,110.235,20.322,110.245,45
239,20.317,110.25,20.312,110.245,20.322,110.255,63
240,20.317,110.26,20.312,110.255,20.322,110.265,11
241,20.317,110.27,20.312,110.265,20.322,110.275,33
242,20.317,110.28,20.312,110.275,20.322,110.285,48
243,20.317,110.29,20.312,110.285,20.322,110.295,38
244,20.317,110.3,20.312,110.295,20.322,110.305,68
245,20.317,110.31,20.312,110.305,20.322,110.315,67
246,20.317,110.32,20.312,110.315,20.322,110.325,11
247,20.317,110.33,20.312,110.325,20.322,110.335,55
248,20.317,110.34,20.312,110.335,20.322,110.345,73
249,20.317,110.35,20.312,110.345,20.322,110.355,0
250,20.317,110.36,20.312,110.355,20.322,110.365,29
251,20.317,110.37,20.312,110.365,20.322,110.375,76
252,20.317,110.38,20.312,110.375,20.322,110.385,37
253,20.317,110.39,20.312,110.385,20.322,110.395,35
254,20.317,110.4,20.312,110.395,20.322,110.405,46
255,20.317,110.41,20.312,110.405,20.322,110.415,27
256,20.327,109.93,20.322,109.925,20.332,109.935,8
257,20.327,109.94,20.322,109.935,20.332,109.945,69
258,20.327,109.95,20.322,109.945,20.332,109.955,0
259,20.327,109.96,20.322,109.955,20.332,109.965,56
260,20.327,109.97,20.322,109.965,20.332,109.975,26
261,20.327,109.98,20.322,109.975,20.332,109.985,56
262,20.327,109.99,20.322,109.985,20.332,109.995,4
263,20.327,110,20.322,109.995,20.332,110.005,33
264,20.327,110.01,20.322,110.005,20.332,110.015,13
265,20.327,110.02,20.322,110.015,20.332,110.025,69
266,20.327,110.03,20.322,110.025,20.332,110.035,18
267,20.327,110.04,20.322,110.035,20.332,110.045,43
268,20.327,110.05,20.322,110.045,20.332,110.055,3
269,20.327,110.06,20.322,110.055,20.332,110.065,52
270,20.327,110.07,20.322,110.065,20.332,110.075,73
271,20.327,110.08,20.322,110.075,20.332,110.085,39
272,20.327,110.09,20.322,110.085,20.332,110.095,21
273,20.327,110.1,20.322,110.095,20.332,110.105,54
274,20.327,110.11,20.322,110.105,20.332,110.115,67
275,20.327,110.12,20.322,110.115,20.332,110.125,1
276,20.327,110.13,20.322,110.125,20.332,110.135,17
277,20.327,110.14,20.322,110.135,20.332,110.145,45
278,20.327,110.15,20.322,110.145,20.332,110.155,1
279,20.327,110.16,20.322,110.155,20.332,110.165,76
280,20.327,110.17,20.322,110.165,20.332,110.175,21
281,20.327,110.18,20.322,110.175,20.332,110.185,73
282,20.327,110.19,20.322,110.185,20.332,110.195,39
283,20.327,110.2,20.322,110.195,20.332,110.205,34
284,20.327,110.21,20.322,110.205,20.332,110.215,21
285,20.327,110.22,20.322,110.215,20.332,110.225,32
286,20.327,110.23,20.322,110.225,20.332,110.235,59
287,20.327,110.24,20.322,110.235,20.332,110.245,11
288,20.327,110.25,20.322,110.245,20.332,110.255,18
289,20.327,110.26,20.322,110.255,20.332,110.265,13
290,20.327,110.27,20.322,110.265,20.332,110.275,25
291,20.327,110.28,20.322,110.275,20.332,110.285,4
292,20.327,110.29,20.322,110.285,20.332,110.295,71
293,20.327,110.3,20.322,110.295,20.332,110.305,23
294,20.327,110.31,20.322,110.305,20.332,110.315,26
295,20.327,110.32,20.322,110.315,20.332,110.325,17
296,20.327,110.33,20.322,110.325,20.332,110.335,7
297,20.327,110.34,20.322,110.335,20.332,110.345,73
298,20.327,110.35,20.322,110.345,20.332,110.355,72
299,20.327,110.36,20.322,110.355,20.332,110.365,67
300,20.327,110.37,20.322,110.365,20.332,110.375,41
301,20.327,110.38,20.322,110.375,20.332,110.385,26
302,20.327,110.39,20.322,110.385,20.332,110.395,32
303,20.327,110.4,20.322,110.395,20.332,110.405,72
304,20.327,110.41,20.322,110.405,20.332,110.415,37
305,20.327,110.42,20.322,110.415,20.332,110.425,64
306,20.327,110.43,20.322,110.425,20.332,110.435,8
307,20.337,109.93,20.332,109.925,20.342,109.935,18
308,20.337,109.94,20.332,109.935,20.342,109.945,79
309,20.337,109.95,20.332,109.945,20.342,109.955,51
310,20.337,109.96,20.332,109.955,20.342,109.965,48
311,20.337,109.97,20.332,109.965,20.342,109.975,11
312,20.337,109.98,20.332,109.975,20.342,109.985,44
313,20.337,109.99,20.332,109.985,20.342,109.995,21
314,20.337,110,20.332,109.995,20.342,110.005,37
315,20.337,110.01,20.332,110.005,20.342,110.015,37
316,20.337,110.02,20.332,110.015,20.342,110.025,57
317,20.337,110.03,20.332,110.025,20.342,110.035,10
318,20.337,110.04,20.332,110.035,20.342,110.045,62
319,20.337,110.05,20.332,110.045,20.342,110.055,5
320,20.337,110.06,20.332,110.055,20.342,110.065,53
321,20.337,110.07,20.332,110.065,20.342,110.075,23
322,20.337,110.08,20.332,110.075,20.342,110.085,43
323,20.337,110.09,20.332,110.085,20.342,110.095,37
324,20.337,110.1,20.332,110.095,20.342,110.105,28
325,20.337,110.11,20.332,110.105,20.342,110.115,16
326,20.337,110.12,20.332,110.115,20.342,110.125,0
327,20.337,110.13,20.332,110.125,20.342,110.135,75
328,20.337,110.14,20.332,110.135,20.342,110.145,10
329,20.337,110.15,20.332,110.145,20.342,110.155,11
330,20.337,110.16,20.332,110.155,20.342,110.165,72
331,20.337,110.17,20.332,110.165,20.342,110.175,35
332,20.337,110.18,20.332,110.175,20.342,110.185,16
333,20.337,110.19,20.332,110.185,20.342,110.195,14
334,20.337,110.2,20.332,110.195,20.342,110.205,35
335,20.337,110.21,20.332,110.205,20.342,110.215,22
336,20.337,110.22,20.332,110.215,20.342,110.225,47
337,20.337,110.23,20.332,110.225,20.342,110.235,75
338,20.337,110.24,20.332,110.235,20.342,110.245,63
339,20.337,110.25,20.332,110.245,20.342,110.255,24
340,20.337,110.26,20.332,110.255,20.342,110.265,49
341,20.337,110.27,20.332,110.265,20.342,110.275,35
342,20.337,110.28,20.332,110.275,20.342,110.285,11
343,20.337,110.29,20.332,110.285,20.342,110.295,52
344,20.337,110.3,20.332,110.295,20.342,110.305,7
345,20.337,110.31,20.332,110.305,20.342,110.315,3
346,20.337,110.32,20.332,110.315,20.342,110.325,62
347,20.337,110.33,20.332,110.325,20.342,110.335,45
348,20.337,110.34,20.332,110.335,20.342,110.345,10
349,20.337,110.35,20.332,110.345,20.342,110.355,12
350,20.337,110.36,20.332,110.355,20.342,110.365,31
351,20.337,110.37,20.332,110.365,20.342,110.375,16
352,20.337,110.38,20.332,110.375,20.342,110.385,35
353,20.337,110.39,20.332,110.385,20.342,110.395,78
354,20.337,110.4,20.332,110.395,20.342,110.405,59
355,20.337,110.41,20.332,110.405,20.342,110.415,10
356,20.337,110.42,20.332,110.415,20.342,110.425,50
357,20.337,110.43,20.332,110.425,20.342,110.435,7
358,20.337,110.44,20.332,110.435,20.342,110.445,57
359,20.347,109.92,20.342,109.915,20.352,109.925,75
360,20.347,109.93,20.342,109.925,20.352,109.935,18
361,20.347,109.94,20.342,109.935,20.352,109.945,15
362,20.347,109.95,20.342,109.945,20.352,109.955,10
363,20.347,109.96,20.342,109.955,20.352,109.965,30
364,20.347,109.97,20.342,109.965,20.352,109.975,35
365,20.347,109.98,20.342,109.975,20.352,109.985,8
366,20.347,109.99,20.342,109.985,20.352,109.995,59
367,20.347,110,20.342,109.995,20.352,110.005,75
368,20.347,110.01,20.342,110.005,20.352,110.015,31
369,20.347,110.02,20.342,110.015,20.352,110.025,64
370,20.347,110.03,20.342,110.025,20.352,110.035,76
371,20.347,110.04,20.342,110.035,20.352,110.045,50
372,20.347,110.05,20.342,110.045,20.352,110.055,67
373,20.347,110.06,20.342,110.055,20.352,110.065,74
374,20.347,110.07,20.342,110.065,20.352,110.075,17
375,20.347,110.08,20.342,110.075,20.352,110.085,79
376,20.347,110.09,20.342,110.085,20.352,110.095,8
377,20.347,110.1,20.342,110.095,20.352,110.105,36
378,20.347,110.11,20.342,110.105,20.352,110.115,49
379,20.347,110.12,20.342,110.115,20.352,110.125,6
380,20.347,110.13,20.342,110.125,20.352,110.135,13
381,20.347,110.14,20.342,110.135,20.352,110.145,80
382,20.347,110.15,20.342,110.145,20.352,110.155,54
383,20.347,110.16,20.342,110.155,20.352,110.165,27
384,20.347,110.17,20.342,110.165,20.352,110.175,55
385,20.347,110.18,20.342,110.175,20.352,110.185,52
386,20.347,110.19,20.342,110.185,20.352,110.195,73
387,20.347,110.2,20.342,110.195,20.352,110.205,52
388,20.347,110.21,20.342,110.205,20.352,110.215,65
389,20.347,110.22,20.342,110.215,20.352,110.225,29
390,20.347,110.23,20.342,110.225,20.352,110.235,46
391,20.347,110.24,20.342,110.235,20.352,110.245,19
392,20.347,110.25,20.342,110.245,20.352,110.255,73
393,20.347,110.26,20.342,110.255,20.352,110.265,64
394,20.347,110.27,20.342,110.265,20.352,110.275,8
395,20.347,110.28,20.342,110.275,20.352,110.285,79
396,20.347,110.29,20.342,110.285,20.352,110.295,54
397,20.347,110.3,20.342,110.295,20.352,110.305,33
398,20.347,110.31,20.342,110.305,20.352,110.315,28
399,20.347,110.32,20.342,110.315,20.352,110.325,15
400,20.347,110.33,20.342,110.325,20.352,110.335,21
401,20.347,110.34,20.342,110.335,20.352,110.345,21
402,20.347,110.35,20.342,110.345,20.352,110.355,49
403,20.347,110.36,20.342,110.355,20.352,110.365,18
404,20.347,110.37,20.342,110.365,20.352,110.375,18
405,20.347,110.38,20.342,110.375,20.352,110.385,53
406,20.347,110.39,20.342,110.385,20.352,110.395,24
407,20.347,110.4,20.342,110.395,20.352,110.405,41
408,20.347,110.41,20.342,110.405,20.352,110.415,13
409,20.347,110.42,20.342,110.415,20.352,110.425,27
410,20.347,110.43,20.342,110.425,20.352,110.435,19
411,20.347,110.44,20.342,110.435,20.352,110.445,66
412,20.347,110.57,20.342,110.565,20.352,110.575,75
413,20.357,109.91,20.352,109.905,20.362,109.915,46
414,20.357,109.92,20.352,109.915,20.362,109.925,55
415,20.357,109.93,20.352,109.925,20.362,109.935,45
416,20.357,109.94,20.352,109.935,20.362,109.945,5
417,20.357,109.95,20.352,109.945,20.362,109.955,80
418,20.357,109.96,20.352,109.955,20.362,109.965,52
419,20.357,109.97,20.352,109.965,20.362,109.975,25
420,20.357,109.98,20.352,109.975,20.362,109.985,28
421,20.357,109.99,20.352,109.985,20.362,109.995,5
422,20.357,110,20.352,109.995,20.362,110.005,10
423,20.357,110.01,20.352,110.005,20.362,110.015,38
424,20.357,110.02,20.352,110.015,20.362,110.025,9
425,20.357,110.03,20.352,110.025,20.362,110.035,21
426,20.357,110.04,20.352,110.035,20.362,110.045,54
427,20.357,110.05,20.352,110.045,20.362,110.055,51
428,20.357,110.06,20.352,110.055,20.362,110.065,18
429,20.357,110.07,20.352,110.065,20.362,110.075,60
430,20.357,110.08,20.352,110.075,20.362,110.085,20
431,20.357,110.09,20.352,110.085,20.362,110.095,39
432,20.357,110.1,20.352,110.095,20.362,110.105,29
433,20.357,110.11,20.352,110.105,20.362,110.115,66
434,20.357,110.12,20.352,110.115,20.362,110.125,72
435,20.357,110.13,20.352,110.125,20.362,110.135,37
436,20.357,110.14,20.352,110.135,20.362,110.145,74
437,20.357,110.15,20.352,110.145,20.362,110.155,73
438,20.357,110.16,20.352,110.155,20.362,110.165,58
439,20.357,110.17,20.352,110.165,20.362,110.175,32
440,20.357,110.18,20.352,110.175,20.362,110.185,19
441,20.357,110.19,20.352,110.185,20.362,110.195,1
442,20.357,110.2,20.352,110.195,20.362,110.205,24
443,20.357,110.21,20.352,110.205,20.362,110.215,28
444,20.357,110.22,20.352,110.215,20.362,110.225,25
445,20.357,110.23,20.352,110.225,20.362,110.235,10
446,20.357,110.24,20.352,110.235,20.362,110.245,67
447,20.357,110.25,20.352,110.245,20.362,110.255,12
448,20.357,110.26,20.352,110.255,20.362,110.265,9
449,20.357,110.27,20.352,110.265,20.362,110.275,13
450,20.357,110.28,20.352,110.275,20.362,110.285,67
451,20.357,110.29,20.352,110.285,20.362,110.295,58
452,20.357,110.3,20.352,110.295,20.362,110.305,41
453,20.357,110.31,20.352,110.305,20.362,110.315,67
454,20.357,110.32,20.352,110.315,20.362,110.325,14
455,20.357,110.33,20.352,110.325,20.362,110.335,0
456,20.357,110.34,20.352,110.335,20.362,110.345,8
457,20.357,110.35,20.352,110.345,20.362,110.355,57
458,20.357,110.36,20.352,110.355,20.362,110.365,39
459,20.357,110.37,20.352,110.365,20.362,110.375,17
460,20.357,110.38,20.352,110.375,20.362,110.385,33
461,20.357,110.39,20.352,110.385,20.362,110.395,75
462,20.357,110.4,20.352,110.395,20.362,110.405,32
463,20.357,110.41,20.352,110.405,20.362,110.415,41
464,20.357,110.42,20.352,110.415,20.362,110.425,9
465,20.357,110.43,20.352,110.425,20.362,110.435,69
466,20.357,110.44,20.352,110.435,20.362,110.445,38
467,20.357,110.45,20.352,110.445,20.362,110.455,47
468,20.357,110.58,20.352,110.575,20.362,110.585,54
469,20.367,109.89,20.362,109.885,20.372,109.895,34
470,20.367,109.9,20.362,109.895,20.372,109.905,4
471,20.367,109.91,20.362,109.905,20.372,109.915,19
472,20.367,109.92,20.362,109.915,20.372,109.925,37
473,20.367,109.93,20.362,109.925,20.372,109.935,1
474,20.367,109.94,20.362,109.935,20.372,109.945,6
475,20.367,109.95,20.362,109.945,20.372,109.955,43
476,20.367,109.96,20.362,109.955,20.372,109.965,38
477,20.367,109.97,20.362,109.965,20.372,109.975,79
478,20.367,109.99,20.362,109.985,20.372,109.995,71
479,20.367,110,20.362,109.995,20.372,110.005,24
480,20.367,110.01,20.362,110.005,20.372,110.015,60
481,20.367,110.02,20.362,110.015,20.372,110.025,60
482,20.367,110.03,20.362,110.025,20.372,110.035,21
483,20.367,110.04,20.362,110.035,20.372,110.045,13
484,20.367,110.05,20.362,110.045,20.372,110.055,48
485,20.367,110.06,20.362,110.055,20.372,110.065,77
486,20.367,110.07,20.362,110.065,20.372,110.075,34
487,20.367,110.08,20.362,110.075,20.372,110.085,70
488,20.367,110.09,20.362,110.085,20.372,110.095,7
489,20.367,110.1,20.362,110.095,20.372,110.105,1
490,20.367,110.11,20.362,110.105,20.372,110.115,42
491,20.367,110.12,20.362,110.115,20.372,110.125,5
492,20.367,110.13,20.362,110.125,20.372,110.135,55
493,20.367,110.14,20.362,110.135,20.372,110.145,56
494,20.367,110.15,20.362,110.145,20.372,110.155,27
495,20.367,110.16,20.362,110.155,20.372,110.165,58
496,20.367,110.17,20.362,110.165,20.372,110.175,78
497,20.367,110.18,20.362,110.175,20.372,110.185,13
498,20.367,110.19,20.362,110.185,20.372,110.195,49
499,20.367,110.2,20.362,110.195,20.372,110.205,55
500,20.367,110.21,20.362,110.205,20.372,110.215,80
501,20.367,110.22,20.362,110.215,20.372,110.225,12
502,20.367,110.23,20.362,110.225,20.372,110.235,46
503,20.367,110.24,20.362,110.235,20.372,110.245,26
504,20.367,110.25,20.362,110.245,20.372,110.255,32
505,20.367,110.26,20.362,110.255,20.372,110.265,43
506,20.367,110.27,20.362,110.265,20.372,110.275,45
507,20.367,110.28,20.362,110.275,20.372,110.285,20
508,20.367,110.29,20.362,110.285,20.372,110.295,8
509,20.367,110.3,20.362,110.295,20.372,110.305,80
510,20.367,110.31,20.362,110.305,20.372,110.315,63
511,20.367,110.32,20.362,110.315,20.372,110.325,19
512,20.367,110.33,20.362,110.325,20.372,110.335,25
513,20.367,110.34,20.362,110.335,20.372,110.345,40
514,20.367,110.35,20.362,110.345,20.372,110.355,36
515,20.367,110.36,20.362,110.355,20.372,110.365,48
516,20.367,110.37,20.362,110.365,20.372,110.375,58
517,20.367,110.38,20.362,110.375,20.372,110.385,18
518,20.367,110.39,20.362,110.385,20.372,110.395,71
519,20.367,110.4,20.362,110.395,20.372,110.405,73
520,20.367,110.41,20.362,110.405,20.372,110.415,41
521,20.367,110.42,20.362,110.415,20.372,110.425,14
522,20.367,110.43,20.362,110.425,20.372,110.435,1
523,20.367,110.44,20.362,110.435,20.372,110.445,51
524,20.367,110.45,20.362,110.445,20.372,110.455,37
525,20.367,110.46,20.362,110.455,20.372,110.465,6
526,20.367,110.58,20.362,110.575,20.372,110.585,51
527,20.367,110.59,20.362,110.585,20.372,110.595,53
528,20.377,109.88,20.372,109.875,20.382,109.885,67
529,20.377,109.89,20.372,109.885,20.382,109.895,31
530,20.377,109.9,20.372,109.895,20.382,109.905,4
531,20.377,109.91,20.372,109.905,20.382,109.915,18
532,20.377,109.92,20.372,109.915,20.382,109.925,3
533,20.377,109.93,20.372,109.925,20.382,109.935,7
534,20.377,109.94,20.372,109.935,20.382,109.945,55
535,20.377,109.95,20.372,109.945,20.382,109.955,64
536,20.377,109.96,20.372,109.955,20.382,109.965,61
537,20.377,109.97,20.372,109.965,20.382,109.975,0
538,20.377,109.99,20.372,109.985,20.382,109.995,48
539,20.377,110,20.372,109.995,20.382,110.005,29
540,20.377,110.01,20.372,110.005,20.382,110.015,4
541,20.377,110.02,20.372,110.015,20.382,110.025,58
542,20.377,110.03,20.372,110.025,20.382,110.035,58
543,20.377,110.04,20.372,110.035,20.382,110.045,30
544,20.377,110.05,20.372,110.045,20.382,110.055,49
545,20.377,110.06,20.372,110.055,20.382,110.065,47
546,20.377,110.07,20.372,110.065,20.382,110.075,39
547,20.377,110.08,20.372,110.075,20.382,110.085,10
548,20.377,110.09,20.372,110.085,20.382,110.095,8
549,20.377,110.1,20.372,110.095,20.382,110.105,6
550,20.377,110.11,20.372,110.105,20.382,110.115,29
551,20.377,110.12,20.372,110.115,20.382,110.125,50
552,20.377,110.13,20.372,110.125,20.382,110.135,12
553,20.377,110.14,20.372,110.135,20.382,110.145,8
554,20.377,110.15,20.372,110.145,20.382,110.155,27
555,20.377,110.16,20.372,110.155,20.382,110.165,2
556,20.377,110.17,20.372,110.165,20.382,110.175,23
557,20.377,110.18,20.372,110.175,20.382,110.185,52
558,20.377,110.19,20.372,110.185,20.382,110.195,37
559,20.377,110.2,20.372,110.195,20.382,110.205,17
560,20.377,110.21,20.372,110.205,20.382,110.215,59
561,20.377,110.22,20.372,110.215,20.382,110.225,55
562,20.377,110.23,20.372,110.225,20.382,110.235,57
563,20.377,110.24,20.372,110.235,20.382,110.245,26
564,20.377,110.25,20.372,110.245,20.382,110.255,47
565,20.377,110.26,20.372,110.255,20.382,110.265,60
566,20.377,110.27,20.372,110.265,20.382,110.275,9
567,20.377,110.28,20.372,110.275,20.382,110.285,5
568,20.377,110.29,20.372,110.285,20.382,110.295,42
569,20.377,110.3,20.372,110.295,20.382,110.305,28
570,20.377,110.31,20.372,110.305,20.382,110.315,45
571,20.377,110.32,20.372,110.315,20.382,110.325,70
572,20.377,110.33,20.372,110.325,20.382,110.335,62
573,20.377,110.34,20.372,110.335,20.382,110.345,73
574,20.377,110.35,20.372,110.345,20.382,110.355,19
575,20.377,110.36,20.372,110.355,20.382,110.365,0
576,20.377,110.37,20.372,110.365,20.382,110.375,39
577,20.377,110.38,20.372,110.375,20.382,110.385,19
578,20.377,110.39,20.372,110.385,20.382,110.395,15
579,20.377,110.4,20.372,110.395,20.382,110.405,79
580,20.377,110.41,20.372,110.405,20.382,110.415,71
581,20.377,110.42,20.372,110.415,20.382,110.425,67
582,20.377,110.43,20.372,110.425,20.382,110.435,74
583,20.377,110.44,20.372,110.435,20.382,110.445,46
584,20.377,110.45,20.372,110.445,20.382,110.455,76
585,20.377,110.46,20.372,110.455,20.382,110.465,5
586,20.387,109.88,20.382,109.875,20.392,109.885,7
587,20.387,109.89,20.382,109.885,20.392,109.895,17
588,20.387,109.9,20.382,109.895,20.392,109.905,70
589,20.387,109.91,20.382,109.905,20.392,109.915,49
590,20.387,109.92,20.382,109.915,20.392,109.925,1
591,20.387,109.93,20.382,109.925,20.392,109.935,48
592,20.387,109.94,20.382,109.935,20.392,109.945,66
593,20.387,109.95,20.382,109.945,20.392,109.955,43
594,20.387,109.96,20.382,109.955,20.392,109.965,43
595,20.387,110,20.382,109.995,20.392,110.005,7
596,20.387,110.01,20.382,110.005,20.392,110.015,25
597,20.387,110.02,20.382,110.015,20.392,110.025,26
598,20.387,110.03,20.382,110.025,20.392,110.035,31
599,20.387,110.04,20.382,110.035,20.392,110.045,65
600,20.387,110.05,20.382,110.045,20.392,110.055,67
601,20.387,110.06,20.382,110.055,20.392,110.065,61
602,20.387,110.07,20.382,110.065,20.392,110.075,71
603,20.387,110.08,20.382,110.075,20.392,110.085,11
604,20.387,110.09,20.382,110.085,20.392,110.095,59
605,20.387,110.1,20.382,110.095,20.392,110.105,74
606,20.387,110.11,20.382,110.105,20.392,110.115,21
607,20.387,110.12,20.382,110.115,20.392,110.125,30
608,20.387,110.13,20.382,110.125,20.392,110.135,59
609,20.387,110.14,20.382,110.135,20.392,110.145,9
610,20.387,110.15,20.382,110.145,20.392,110.155,58
611,20.387,110.16,20.382,110.155,20.392,110.165,0
612,20.387,110.17,20.382,110.165,20.392,110.175,8
613,20.387,110.18,20.382,110.175,20.392,110.185,27
614,20.387,110.19,20.382,110.185,20.392,110.195,11
615,20.387,110.2,20.382,110.195,20.392,110.205,29
616,20.387,110.21,20.382,110.205,20.392,110.215,26
617,20.387,110.22,20.382,110.215,20.392,110.225,43
618,20.387,110.23,20.382,110.225,20.392,110.235,22
619,20.387,110.24,20.382,110.235,20.392,110.245,27
620,20.387,110.25,20.382,110.245,20.392,110.255,56
621,20.387,110.26,20.382,110.255,20.392,110.265,28
622,20.387,110.27,20.382,110.265,20.392,110.275,18
623,20.387,110.28,20.382,110.275,20.392,110.285,21
624,20.387,110.29,20.382,110.285,20.392,110.295,25
625,20.387,110.3,20.382,110.295,20.392,110.305,48
626,20.387,110.31,20.382,110.305,20.392,110.315,16
627,20.387,110.32,20.382,110.315,20.392,110.325,9
628,20.387,110.33,20.382,110.325,20.392,110.335,65
629,20.387,110.34,20.382,110.335,20.392,110.345,45
630,20.387,110.35,20.382,110.345,20.392,110.355,74
631,20.387,110.36,20.382,110.355,20.392,110.365,12
632,20.387,110.37,20.382,110.365,20.392,110.375,14
633,20.387,110.38,20.382,110.375,20.392,110.385,60
634,20.387,110.39,20.382,110.385,20.392,110.395,29
635,20.387,110.4,20.382,110.395,20.392,110.405,42
636,20.387,110.41,20.382,110.405,20.392,110.415,36
637,20.387,110.42,20.382,110.415,20.392,110.425,2
638,20.387,110.43,20.382,110.425,20.392,110.435,52
639,20.387,110.44,20.382,110.435,20.392,110.445,15
640,20.387,110.45,20.382,110.445,20.392,110.455,39
641,20.387,110.46,20.382,110.455,20.392,110.465,32
642,20.387,110.47,20.382,110.465,20.392,110.475,79
643,20.397,109.88,20.392,109.875,20.402,109.885,52
644,20.397,109.89,20.392,109.885,20.402,109.895,80
645,20.397,109.9,20.392,109.895,20.402,109.905,34
646,20.397,109.91,20.392,109.905,20.402,109.915,36
647,20.397,109.92,20.392,109.915,20.402,109.925,75
648,20.397,109.93,20.392,109.925,20.402,109.935,11
649,20.397,109.94,20.392,109.935,20.402,109.945,57
650,20.397,109.95,20.392,109.945,20.402,109.955,28
651,20.397,109.96,20.392,109.955,20.402,109.965,5
652,20.397,109.97,20.392,109.965,20.402,109.975,58
653,20.397,110.01,20.392,110.005,20.402,110.015,74
654,20.397,110.02,20.392,110.015,20.402,110.025,52
655,20.397,110.03,20.392,110.025,20.402,110.035,76
656,20.397,110.04,20.392,110.035,20.402,110.045,38
657,20.397,110.05,20.392,110.045,20.402,110.055,31
658,20.397,110.06,20.392,110.055,20.402,110.065,74
659,20.397,110.07,20.392,110.065,20.402,110.075,69
660,20.397,110.08,20.392,110.075,20.402,110.085,4
661,20.397,110.09,20.392,110.085,20.402,110.095,56
662,20.397,110.1,20.392,110.095,20.402,110.105,7
663,20.397,110.11,20.392,110.105,20.402,110.115,17
664,20.397,110.12,20.392,110.115,20.402,110.125,71
665,20.397,110.13,20.392,110.125,20.402,110.135,48
666,20.397,110.14,20.392,110.135,20.402,110.145,75
667,20.397,110.15,20.392,110.145,20.402,110.155,50
668,20.397,110.16,20.392,110.155,20.402,110.165,41
669,20.397,110.17,20.392,110.165,20.402,110.175,42
670,20.397,110.18,20.392,110.175,20.402,110.185,36
671,20.397,110.19,20.392,110.185,20.402,110.195,47
672,20.397,110.2,20.392,110.195,20.402,110.205,14
673,20.397,110.21,20.392,110.205,20.402,110.215,54
674,20.397,110.22,20.392,110.215,20.402,110.225,35
675,20.397,110.23,20.392,110.225,20.402,110.235,13
676,20.397,110.24,20.392,110.235,20.402,110.245,38
677,20.397,110.25,20.392,110.245,20.402,110.255,30
678,20.397,110.26,20.392,110.255,20.402,110.265,33
679,20.397,110.27,20.392,110.265,20.402,110.275,62
680,20.397,110.28,20.392,110.275,20.402,110.285,62
681,20.397,110.29,20.392,110.285,20.402,110.295,30
682,20.397,110.3,20.392,110.295,20.402,110.305,75
683,20.397,110.31,20.392,110.305,20.402,110.315,49
684,20.397,110.32,20.392,110.315,20.402,110.325,73
685,20.397,110.33,20.392,110.325,20.402,110.335,76
686,20.397,110.34,20.392,110.335,20.402,110.345,50
687,20.397,110.35,20.392,110.345,20.402,110.355,78
688,20.397,110.36,20.392,110.355,20.402,110.365,78
689,20.397,110.37,20.392,110.365,20.402,110.375,57
690,20.397,110.38,20.392,110.375,20.402,110.385,23
691,20.397,110.39,20.392,110.385,20.402,110.395,15
692,20.397,110.4,20.392,110.395,20.402,110.405,56
693,20.397,110.41,20.392,110.405,20.402,110.415,36
694,20.397,110.42,20.392,110.415,20.402,110.425,18
695,20.397,110.43,20.392,110.425,20.402,110.435,30
696,20.397,110.44,20.392,110.435,20.402,110.445,60
697,20.397,110.45,20.392,110.445,20.402,110.455,79
698,20.397,110.46,20.392,110.455,20.402,110.465,74
699,20.397,110.47,20.392,110.465,20.402,110.475,35
700,20.407,109.87,20.402,109.865,20.412,109.875,64
701,20.407,109.9,20.402,109.895,20.412,109.905,43
702,20.407,109.91,20.402,109.905,20.412,109.915,68
703,20.407,109.92,20.402,109.915,20.412,109.925,72
704,20.407,109.93,20.402,109.925,20.412,109.935,40
705,20.407,109.94,20.402,109.935,20.412,109.945,76
706,20.407,110.02,20.402,110.015,20.412,110.025,8
707,20.407,110.03,20.402,110.025,20.412,110.035,54
708,20.407,110.04,20.402,110.035,20.412,110.045,38
709,20.407,110.05,20.402,110.045,20.412,110.055,40
710,20.407,110.06,20.402,110.055,20.412,110.065,71
711,20.407,110.07,20.402,110.065,20.412,110.075,19
712,20.407,110.08,20.402,110.075,20.412,110.085,49
713,20.407,110.09,20.402,110.085,20.412,110.095,22
714,20.407,110.1,20.402,110.095,20.412,110.105,55
715,20.407,110.11,20.402,110.105,20.412,110.115,28
716,20.407,110.12,20.402,110.115,20.412,110.125,43
717,20.407,110.13,20.402,110.125,20.412,110.135,69
718,20.407,110.14,20.402,110.135,20.412,110.145,13
719,20.407,110.15,20.402,110.145,20.412,110.155,63
720,20.407,110.16,20.402,110.155,20.412,110.165,71
721,20.407,110.17,20.402,110.165,20.412,110.175,30
722,20.407,110.18,20.402,110.175,20.412,110.185,24
723,20.407,110.19,20.402,110.185,20.412,110.195,60
724,20.407,110.2,20.402,110.195,20.412,110.205,26
725,20.407,110.21,20.402,110.205,20.412,110.215,8
726,20.407,110.22,20.402,110.215,20.412,110.225,44
727,20.407,110.23,20.402,110.225,20.412,110.235,76
728,20.407,110.24,20.402,110.235,20.412,110.245,72
729,20.407,110.25,20.402,110.245,20.412,110.255,67
730,20.407,110.26,20.402,110.255,20.412,110.265,17
731,20.407,110.27,20.402,110.265,20.412,110.275,48
732,20.407,110.28,20.402,110.275,20.412,110.285,0
733,20.407,110.29,20.402,110.285,20.412,110.295,3
734,20.407,110.3,20.402,110.295,20.412,110.305,50
735,20.407,110.31,20.402,110.305,20.412,110.315,29
736,20.407,110.32,20.402,110.315,20.412,110.325,23
737,20.407,110.33,20.402,110.325,20.412,110.335,36
738,20.407,110.34,20.402,110.335,20.412,110.345,17
739,20.407,110.35,20.402,110.345,20.412,110.355,0
740,20.407,110.36,20.402,110.355,20.412,110.365,6
741,20.407,110.37,20.402,110.365,20.412,110.375,55
742,20.407,110.38,20.402,110.375,20.412,110.385,38
743,20.407,110.39,20.402,110.385,20.412,110.395,41
744,20.407,110.4,20.402,110.395,20.412,110.405,43
745,20.407,110.41,20.402,110.405,20.412,110.415,29
746,20.407,110.42,20.402,110.415,20.412,110.425,27
747,20.407,110.43,20.402,110.425,20.412,110.435,66
748,20.407,110.44,20.402,110.435,20.412,110.445,62
749,20.407,110.45,20.402,110.445,20.412,110.455,34
750,20.407,110.46,20.402,110.455,20.412,110.465,80
751,20.407,110.47,20.402,110.465,20.412,110.475,40
752,20.407,110.48,20.402,110.475,20.412,110.485,69
753,20.417,109.9,20.412,109.895,20.422,109.905,26
754,20.417,109.91,20.412,109.905,20.422,109.915,32
755,20.417,109.92,20.412,109.915,20.422,109.925,38
756,20.417,109.93,20.412,109.925,20.422,109.935,75
757,20.417,110.02,20.412,110.015,20.422,110.025,40
758,20.417,110.03,20.412,110.025,20.422,110.035,45
759,20.417,110.04,20.412,110.035,20.422,110.045,63
760,20.417,110.05,20.412,110.045,20.422,110.055,49
761,20.417,110.06,20.412,110.055,20.422,110.065,50
762,20.417,110.07,20.412,110.065,20.422,110.075,64
763,20.417,110.08,20.412,110.075,20.422,110.085,63
764,20.417,110.09,20.412,110.085,20.422,110.095,46
765,20.417,110.1,20.412,110.095,20.422,110.105,34
766,20.417,110.11,20.412,110.105,20.422,110.115,11
767,20.417,110.12,20.412,110.115,20.422,110.125,31
768,20.417,110.13,20.412,110.125,20.422,110.135,41
769,20.417,110.14,20.412,110.135,20.422,110.145,77
770,20.417,110.15,20.412,110.145,20.422,110.155,71
771,20.417,110.16,20.412,110.155,20.422,110.165,68
772,20.417,110.17,20.412,110.165,20.422,110.175,13
773,20.417,110.18,20.412,110.175,20.422,110.185,58
774,20.417,110.19,20.412,110.185,20.422,110.195,61
775,20.417,110.2,20.412,110.195,20.422,110.205,8
776,20.417,110.21,20.412,110.205,20.422,110.215,26
777,20.417,110.22,20.412,110.215,20.422,110.225,28
778,20.417,110.23,20.412,110.225,20.422,110.235,52
779,20.417,110.24,20.412,110.235,20.422,110.245,30
780,20.417,110.25,20.412,110.245,20.422,110.255,15
781,20.417,110.26,20.412,110.255,20.422,110.265,39
782,20.417,110.27,20.412,110.265,20.422,110.275,2
783,20.417,110.28,20.412,110.275,20.422,110.285,0
784,20.417,110.29,20.412,110.285,20.422,110.295,4
785,20.417,110.3,20.412,110.295,20.422,110.305,59
786,20.417,110.31,20.412,110.305,20.422,110.315,37
787,20.417,110.32,20.412,110.315,20.422,110.325,58
788,20.417,110.33,20.412,110.325,20.422,110.335,77
789,20.417,110.34,20.412,110.335,20.422,110.345,74
790,20.417,110.35,20.412,110.345,20.422,110.355,66
791,20.417,110.36,20.412,110.355,20.422,110.365,76
792,20.417,110.37,20.412,110.365,20.422,110.375,66
793,20.417,110.38,20.412,110.375,20.422,110.385,36
794,20.417,110.39,20.412,110.385,20.422,110.395,63
795,20.417,110.4,20.412,110.395,20.422,110.405,5
796,20.417,110.41,20.412,110.405,20.422,110.415,8
797,20.417,110.42,20.412,110.415,20.422,110.425,63
798,20.417,110.43,20.412,110.425,20.422,110.435,57
799,20.417,110.44,20.412,110.435,20.422,110.445,24
800,20.417,110.45,20.412,110.445,20.422,110.455,73
801,20.417,110.46,20.412,110.455,20.422,110.465,25
802,20.417,110.47,20.412,110.465,20.422,110.475,10
803,20.417,110.48,20.412,110.475,20.422,110.485,1
804,20.417,110.49,20.412,110.485,20.422,110.495,54
805,20.417,110.5,20.412,110.495,20.422,110.505,20
806,20.427,109.91,20.422,109.905,20.432,109.915,40
807,20.427,110.02,20.422,110.015,20.432,110.025,61
808,20.427,110.03,20.422,110.025,20.432,110.035,13
809,20.427,110.04,20.422,110.035,20.432,110.045,40
810,20.427,110.05,20.422,110.045,20.432,110.055,22
811,20.427,110.06,20.422,110.055,20.432,110.065,46
812,20.427,110.07,20.422,110.065,20.432,110.075,71
813,20.427,110.08,20.422,110.075,20.432,110.085,41
814,20.427,110.09,20.422,110.085,20.432,110.095,17
815,20.427,110.1,20.422,110.095,20.432,110.105,38
816,20.427,110.11,20.422,110.105,20.432,110.115,44
817,20.427,110.12,20.422,110.115,20.432,110.125,65
818,20.427,110.13,20.422,110.125,20.432,110.135,33
819,20.427,110.14,20.422,110.135,20.432,110.145,25
820,20.427,110.15,20.422,110.145,20.432,110.155,24
821,20.427,110.16,20.422,110.155,20.432,110.165,24
822,20.427,110.17,20.422,110.165,20.432,110.175,41
823,20.427,110.18,20.422,110.175,20.432,110.185,45
824,20.427,110.19,20.422,110.185,20.432,110.195,46
825,20.427,110.2,20.422,110.195,20.432,110.205,14
826,20.427,110.21,20.422,110.205,20.432,110.215,14
827,20.427,110.22,20.422,110.215,20.432,110.225,53
828,20.427,110.23,20.422,110.225,20.432,110.235,14
829,20.427,110.24,20.422,110.235,20.432,110.245,7
830,20.427,110.25,20.422,110.245,20.432,110.255,54
831,20.427,110.26,20.422,110.255,20.432,110.265,28
832,20.427,110.27,20.422,110.265,20.432,110.275,49
833,20.427,110.28,20.422,110.275,20.432,110.285,34
834,20.427,110.29,20.422,110.285,20.432,110.295,65
835,20.427,110.3,20.422,110.295,20.432,110.305,46
836,20.427,110.31,20.422,110.305,20.432,110.315,66
837,20.427,110.32,20.422,110.315,20.432,110.325,30
838,20.427,110.33,20.422,110.325,20.432,110.335,73
839,20.427,110.34,20.422,110.335,20.432,110.345,38
840,20.427,110.35,20.422,110.345,20.432,110.355,70
841,20.427,110.36,20.422,110.355,20.432,110.365,68
842,20.427,110.37,20.422,110.365,20.432,110.375,74
843,20.427,110.38,20.422,110.375,20.432,110.385,17
844,20.427,110.39,20.422,110.385,20.432,110.395,29
845,20.427,110.4,20.422,110.395,20.432,110.405,66
846,20.427,110.41,20.422,110.405,20.432,110.415,31
847,20.427,110.42,20.422,110.415,20.432,110.425,29
848,20.427,110.43,20.422,110.425,20.432,110.435,74
849,20.427,110.44,20.422,110.435,20.432,110.445,17
850,20.427,110.45,20.422,110.445,20.432,110.455,77
851,20.427,110.46,20.422,110.455,20.432,110.465,60
852,20.427,110.47,20.422,110.465,20.432,110.475,16
853,20.427,110.48,20.422,110.475,20.432,110.485,42
854,20.427,110.49,20.422,110.485,20.432,110.495,69
855,20.427,110.5,20.422,110.495,20.432,110.505,74
856,20.427,110.51,20.422,110.505,20.432,110.515,36
857,20.437,110.02,20.432,110.015,20.442,110.025,53
858,20.437,110.03,20.432,110.025,20.442,110.035,56
859,20.437,110.04,20.432,110.035,20.442,110.045,63
860,20.437,110.05,20.432,110.045,20.442,110.055,45
861,20.437,110.06,20.432,110.055,20.442,110.065,27
862,20.437,110.07,20.432,110.065,20.442,110.075,35
863,20.437,110.08,20.432,110.075,20.442,110.085,36
864,20.437,110.09,20.432,110.085,20.442,110.095,33
865,20.437,110.1,20.432,110.095,20.442,110.105,65
866,20.437,110.11,20.432,110.105,20.442,110.115,4
867,20.437,110.12,20.432,110.115,20.442,110.125,1
868,20.437,110.13,20.432,110.125,20.442,110.135,43
869,20.437,110.14,20.432,110.135,20.442,110.145,31
870,20.437,110.15,20.432,110.145,20.442,110.155,79
871,20.437,110.16,20.432,110.155,20.442,110.165,40
872,20.437,110.17,20.432,110.165,20.442,110.175,29
873,20.437,110.18,20.432,110.175,20.442,110.185,5
874,20.437,110.19,20.432,110.185,20.442,110.195,15
875,20.437,110.2,20.432,110.195,20.442,110.205,16
876,20.437,110.21,20.432,110.205,20.442,110.215,27
877,20.437,110.22,20.432,110.215,20.442,110.225,35
878,20.437,110.23,20.432,110.225,20.442,110.235,79
879,20.437,110.24,20.432,110.235,20.442,110.245,23
880,20.437,110.25,20.432,110.245,20.442,110.255,59
881,20.437,110.26,20.432,110.255,20.442,110.265,49
882,20.437,110.27,20.432,110.265,20.442,110.275,34
883,20.437,110.28,20.432,110.275,20.442,110.285,46
884,20.437,110.29,20.432,110.285,20.442,110.295,51
885,20.437,110.3,20.432,110.295,20.442,110.305,7
886,20.437,110.31,20.432,110.305,20.442,110.315,48
887,20.437,110.32,20.432,110.315,20.442,110.325,11
888,20.437,110.33,20.432,110.325,20.442,110.335,31
889,20.437,110.34,20.432,110.335,20.442,110.345,23
890,20.437,110.35,20.432,110.345,20.442,110.355,1
891,20.437,110.36,20.432,110.355,20.442,110.365,0
892,20.437,110.37,20.432,110.365,20.442,110.375,79
893,20.437,110.38,20.432,110.375,20.442,110.385,32
894,20.437,110.39,20.432,110.385,20.442,110.395,33
895,20.437,110.4,20.432,110.395,20.442,110.405,55
896,20.437,110.41,20.432,110.405,20.442,110.415,9
897,20.437,110.42,20.432,110.415,20.442,110.425,66
898,20.437,110.43,20.432,110.425,20.442,110.435,17
899,20.437,110.44,20.432,110.435,20.442,110.445,71
900,20.437,110.45,20.432,110.445,20.442,110.455,49
901,20.437,110.46,20.432,110.455,20.442,110.465,34
902,20.437,110.47,20.432,110.465,20.442,110.475,54
903,20.437,110.48,20.432,110.475,20.442,110.485,79
904,20.437,110.49,20.432,110.485,20.442,110.495,43
905,20.437,110.5,20.432,110.495,20.442,110.505,41
906,20.437,110.51,20.432,110.505,20.442,110.515,76
907,20.447,110.09,20.442,110.085,20.452,110.095,10
908,20.447,110.1,20.442,110.095,20.452,110.105,32
909,20.447,110.11,20.442,110.105,20.452,110.115,75
910,20.447,110.12,20.442,110.115,20.452,110.125,59
911,20.447,110.13,20.442,110.125,20.452,110.135,33
912,20.447,110.14,20.442,110.135,20.452,110.145,70
913,20.447,110.15,20.442,110.145,20.452,110.155,10
914,20.447,110.16,20.442,110.155,20.452,110.165,32
915,20.447,110.17,20.442,110.165,20.452,110.175,25
916,20.447,110.18,20.442,110.175,20.452,110.185,75
917,20.447,110.19,20.442,110.185,20.452,110.195,20
918,20.447,110.2,20.442,110.195,20.452,110.205,27
919,20.447,110.21,20.442,110.205,20.452,110.215,44
920,20.447,110.22,20.442,110.215,20.452,110.225,42
921,20.447,110.23,20.442,110.225,20.452,110.235,13
922,20.447,110.24,20.442,110.235,20.452,110.245,21
923,20.447,110.25,20.442,110.245,20.452,110.255,23
924,20.447,110.26,20.442,110.255,20.452,110.265,11
925,20.447,110.27,20.442,110.265,20.452,110.275,52
926,20.447,110.28,20.442,110.275,20.452,110.285,66
927,20.447,110.29,20.442,110.285,20.452,110.295,71
928,20.447,110.3,20.442,110.295,20.452,110.305,69
929,20.447,110.31,20.442,110.305,20.452,110.315,54
930,20.447,110.32,20.442,110.315,20.452,110.325,59
931,20.447,110.33,20.442,110.325,20.452,110.335,60
932,20.447,110.34,20.442,110.335,20.452,110.345,50
933,20.447,110.35,20.442,110.345,20.452,110.355,63
934,20.447,110.36,20.442,110.355,20.452,110.365,51
935,20.447,110.37,20.442,110.365,20.452,110.375,45
936,20.447,110.38,20.442,110.375,20.452,110.385,34
937,20.447,110.39,20.442,110.385,20.452,110.395,37
938,20.447,110.4,20.442,110.395,20.452,110.405,18
939,20.447,110.41,20.442,110.405,20.452,110.415,23
940,20.447,110.42,20.442,110.415,20.452,110.425,34
941,20.447,110.43,20.442,110.425,20.452,110.435,45
942,20.447,110.44,20.442,110.435,20.452,110.445,24
943,20.447,110.45,20.442,110.445,20.452,110.455,61
944,20.447,110.46,20.442,110.455,20.452,110.465,38
945,20.447,110.47,20.442,110.465,20.452,110.475,39
946,20.447,110.48,20.442,110.475,20.452,110.485,39
947,20.447,110.49,20.442,110.485,20.452,110.495,76
948,20.447,110.5,20.442,110.495,20.452,110.505,70
949,20.447,110.51,20.442,110.505,20.452,110.515,36
950,20.447,110.52,20.442,110.515,20.452,110.525,59
951,20.457,110.09,20.452,110.085,20.462,110.095,61
952,20.457,110.1,20.452,110.095,20.462,110.105,7
953,20.457,110.11,20.452,110.105,20.462,110.115,33
954,20.457,110.12,20.452,110.115,20.462,110.125,25
955,20.457,110.13,20.452,110.125,20.462,110.135,3
956,20.457,110.14,20.452,110.135,20.462,110.145,12
957,20.457,110.15,20.452,110.145,20.462,110.155,61
958,20.457,110.16,20.452,110.155,20.462,110.165,48
959,20.457,110.17,20.452,110.165,20.462,110.175,78
960,20.457,110.18,20.452,110.175,20.462,110.185,7
961,20.457,110.19,20.452,110.185,20.462,110.195,49
962,20.457,110.2,20.452,110.195,20.462,110.205,37
963,20.457,110.21,20.452,110.205,20.462,110.215,15
964,20.457,110.22,20.452,110.215,20.462,110.225,3
965,20.457,110.23,20.452,110.225,20.462,110.235,6
966,20.457,110.24,20.452,110.235,20.462,110.245,22
967,20.457,110.25,20.452,110.245,20.462,110.255,0
968,20.457,110.26,20.452,110.255,20.462,110.265,46
969,20.457,110.27,20.452,110.265,20.462,110.275,10
970,20.457,110.28,20.452,110.275,20.462,110.285,69
971,20.457,110.29,20.452,110.285,20.462,110.295,29
972,20.457,110.3,20.452,110.295,20.462,110.305,59
973,20.457,110.31,20.452,110.305,20.462,110.315,25
974,20.457,110.32,20.452,110.315,20.462,110.325,53
975,20.457,110.33,20.452,110.325,20.462,110.335,30
976,20.457,110.34,20.452,110.335,20.462,110.345,58
977,20.457,110.35,20.452,110.345,20.462,110.355,14
978,20.457,110.36,20.452,110.355,20.462,110.365,27
979,20.457,110.37,20.452,110.365,20.462,110.375,19
980,20.457,110.38,20.452,110.375,20.462,110.385,25
981,20.457,110.39,20.452,110.385,20.462,110.395,0
982,20.457,110.4,20.452,110.395,20.462,110.405,77
983,20.457,110.41,20.452,110.405,20.462,110.415,8
984,20.457,110.42,20.452,110.415,20.462,110.425,19
985,20.457,110.43,20.452,110.425,20.462,110.435,52
986,20.457,110.44,20.452,110.435,20.462,110.445,58
987,20.457,110.45,20.452,110.445,20.462,110.455,63
988,20.457,110.46,20.452,110.455,20.462,110.465,20
989,20.457,110.47,20.452,110.465,20.462,110.475,31
990,20.457,110.48,20.452,110.475,20.462,110.485,31
991,20.457,110.49,20.452,110.485,20.462,110.495,8
992,20.457,110.5,20.452,110.495,20.462,110.505,52
993,20.457,110.51,20.452,110.505,20.462,110.515,33
994,20.457,110.52,20.452,110.515,20.462,110.525,55
995,20.467,110.1,20.462,110.095,20.472,110.105,1
996,20.467,110.11,20.462,110.105,20.472,110.115,79
997,20.467,110.12,20.462,110.115,20.472,110.125,16
998,20.467,110.13,20.462,110.125,20.472,110.135,30
999,20.467,110.14,20.462,110.135,20.472,110.145,19
1000,20.467,110.15,20.462,110.145,20.472,110.155,21
1001,20.467,110.16,20.462,110.155,20.472,110.165,45
1002,20.467,110.17,20.462,110.165,20.472,110.175,57
1003,20.467,110.18,20.462,110.175,20.472,110.185,63
1004,20.467,110.19,20.462,110.185,20.472,110.195,45
1005,20.467,110.2,20.462,110.195,20.472,110.205,62
1006,20.467,110.21,20.462,110.205,20.472,110.215,32
1007,20.467,110.22,20.462,110.215,20.472,110.225,1
1008,20.467,110.23,20.462,110.225,20.472,110.235,53
1009,20.467,110.24,20.462,110.235,20.472,110.245,68
1010,20.467,110.25,20.462,110.245,20.472,110.255,0
1011,20.467,110.26,20.462,110.255,20.472,110.265,59
1012,20.467,110.27,20.462,110.265,20.472,110.275,40
1013,20.467,110.28,20.462,110.275,20.472,110.285,22
1014,20.467,110.29,20.462,110.285,20.472,110.295,14
1015,20.467,110.3,20.462,110.295,20.472,110.305,35
1016,20.467,110.31,20.462,110.305,20.472,110.315,59
1017,20.467,110.32,20.462,110.315,20.472,110.325,46
1018,20.467,110.33,20.462,110.325,20.472,110.335,67
1019,20.467,110.34,20.462,110.335,20.472,110.345,75
1020,20.467,110.35,20.462,110.345,20.472,110.355,29
1021,20.467,110.36,20.462,110.355,20.472,110.365,35
1022,20.467,110.37,20.462,110.365,20.472,110.375,1
1023,20.467,110.38,20.462,110.375,20.472,110.385,24
1024,20.467,110.39,20.462,110.385,20.472,110.395,26
1025,20.467,110.4,20.462,110.395,20.472,110.405,8
1026,20.467,110.41,20.462,110.405,20.472,110.415,45
1027,20.467,110.42,20.462,110.415,20.472,110.425,53
1028,20.467,110.43,20.462,110.425,20.472,110.435,65
1029,20.467,110.44,20.462,110.435,20.472,110.445,67
1030,20.467,110.45,20.462,110.445,20.472,110.455,64
1031,20.467,110.46,20.462,110.455,20.472,110.465,39
1032,20.467,110.47,20.462,110.465,20.472,110.475,18
1033,20.467,110.48,20.462,110.475,20.472,110.485,26
1034,20.467,110.49,20.462,110.485,20.472,110.495,59
1035,20.467,110.5,20.462,110.495,20.472,110.505,57
1036,20.467,110.51,20.462,110.505,20.472,110.515,9
1037,20.467,110.52,20.462,110.515,20.472,110.525,61
1038,20.477,110.1,20.472,110.095,20.482,110.105,31
1039,20.477,110.11,20.472,110.105,20.482,110.115,71
1040,20.477,110.12,20.472,110.115,20.482,110.125,46
1041,20.477,110.13,20.472,110.125,20.482,110.135,6
1042,20.477,110.14,20.472,110.135,20.482,110.145,66
1043,20.477,110.15,20.472,110.145,20.482,110.155,51
1044,20.477,110.16,20.472,110.155,20.482,110.165,64
1045,20.477,110.17,20.472,110.165,20.482,110.175,49
1046,20.477,110.18,20.472,110.175,20.482,110.185,66
1047,20.477,110.19,20.472,110.185,20.482,110.195,72
1048,20.477,110.2,20.472,110.195,20.482,110.205,48
1049,20.477,110.21,20.472,110.205,20.482,110.215,12
1050,20.477,110.22,20.472,110.215,20.482,110.225,9
1051,20.477,110.23,20.472,110.225,20.482,110.235,28
1052,20.477,110.24,20.472,110.235,20.482,110.245,23
1053,20.477,110.25,20.472,110.245,20.482,110.255,66
1054,20.477,110.26,20.472,110.255,20.482,110.265,6
1055,20.477,110.27,20.472,110.265,20.482,110.275,65
1056,20.477,110.28,20.472,110.275,20.482,110.285,11
1057,20.477,110.29,20.472,110.285,20.482,110.295,42
1058,20.477,110.3,20.472,110.295,20.482,110.305,24
1059,20.477,110.31,20.472,110.305,20.482,110.315,76
1060,20.477,110.32,20.472,110.315,20.482,110.325,0
1061,20.477,110.33,20.472,110.325,20.482,110.335,29
1062,20.477,110.34,20.472,110.335,20.482,110.345,36
1063,20.477,110.35,20.472,110.345,20.482,110.355,44
1064,20.477,110.36,20.472,110.355,20.482,110.365,74
1065,20.477,110.37,20.472,110.365,20.482,110.375,45
1066,20.477,110.38,20.472,110.375,20.482,110.385,3
1067,20.477,110.39,20.472,110.385,20.482,110.395,74
1068,20.477,110.4,20.472,110.395,20.482,110.405,72
1069,20.477,110.41,20.472,110.405,20.482,110.415,56
1070,20.477,110.42,20.472,110.415,20.482,110.425,5
1071,20.477,110.43,20.472,110.425,20.482,110.435,16
1072,20.477,110.44,20.472,110.435,20.482,110.445,54
1073,20.477,110.45,20.472,110.445,20.482,110.455,44
1074,20.477,110.46,20.472,110.455,20.482,110.465,53
1075,20.477,110.47,20.472,110.465,20.482,110.475,30
1076,20.477,110.48,20.472,110.475,20.482,110.485,8
1077,20.477,110.49,20.472,110.485,20.482,110.495,5
1078,20.477,110.5,20.472,110.495,20.482,110.505,8
1079,20.477,110.51,20.472,110.505,20.482,110.515,33
1080,20.477,110.52,20.472,110.515,20.482,110.525,22
1081,20.477,110.53,20.472,110.525,20.482,110.535,70
1082,20.487,110.1,20.482,110.095,20.492,110.105,27
1083,20.487,110.11,20.482,110.105,20.492,110.115,65
1084,20.487,110.12,20.482,110.115,20.492,110.125,72
1085,20.487,110.13,20.482,110.125,20.492,110.135,44
1086,20.487,110.14,20.482,110.135,20.492,110.145,58
1087,20.487,110.15,20.482,110.145,20.492,110.155,11
1088,20.487,110.16,20.482,110.155,20.492,110.165,25
1089,20.487,110.17,20.482,110.165,20.492,110.175,32
1090,20.487,110.18,20.482,110.175,20.492,110.185,56
1091,20.487,110.19,20.482,110.185,20.492,110.195,50
1092,20.487,110.2,20.482,110.195,20.492,110.205,14
1093,20.487,110.21,20.482,110.205,20.492,110.215,19
1094,20.487,110.22,20.482,110.215,20.492,110.225,0
1095,20.487,110.23,20.482,110.225,20.492,110.235,45
1096,20.487,110.24,20.482,110.235,20.492,110.245,68
1097,20.487,110.25,20.482,110.245,20.492,110.255,50
1098,20.487,110.26,20.482,110.255,20.492,110.265,67
1099,20.487,110.27,20.482,110.265,20.492,110.275,46
1100,20.487,110.28,20.482,110.275,20.492,110.285,72
1101,20.487,110.29,20.482,110.285,20.492,110.295,38
1102,20.487,110.3,20.482,110.295,20.492,110.305,51
1103,20.487,110.31,20.482,110.305,20.492,110.315,2
1104,20.487,110.32,20.482,110.315,20.492,110.325,68
1105,20.487,110.33,20.482,110.325,20.492,110.335,13
1106,20.487,110.34,20.482,110.335,20.492,110.345,19
1107,20.487,110.35,20.482,110.345,20.492,110.355,54
1108,20.487,110.36,20.482,110.355,20.492,110.365,65
1109,20.487,110.37,20.482,110.365,20.492,110.375,18
1110,20.487,110.38,20.482,110.375,20.492,110.385,50
1111,20.487,110.39,20.482,110.385,20.492,110.395,56
1112,20.487,110.4,20.482,110.395,20.492,110.405,59
1113,20.487,110.41,20.482,110.405,20.492,110.415,72
1114,20.487,110.42,20.482,110.415,20.492,110.425,0
1115,20.487,110.43,20.482,110.425,20.492,110.435,56
1116,20.487,110.44,20.482,110.435,20.492,110.445,29
1117,20.487,110.45,20.482,110.445,20.492,110.455,0
1118,20.487,110.46,20.482,110.455,20.492,110.465,4
1119,20.487,110.47,20.482,110.465,20.492,110.475,19
1120,20.487,110.48,20.482,110.475,20.492,110.485,80
1121,20.487,110.49,20.482,110.485,20.492,110.495,0
1122,20.487,110.5,20.482,110.495,20.492,110.505,34
1123,20.487,110.51,20.482,110.505,20.492,110.515,1
1124,20.487,110.52,20.482,110.515,20.492,110.525,19
1125,20.497,110.1,20.492,110.095,20.502,110.105,59
1126,20.497,110.11,20.492,110.105,20.502,110.115,45
1127,20.497,110.12,20.492,110.115,20.502,110.125,44
1128,20.497,110.13,20.492,110.125,20.502,110.135,19
1129,20.497,110.14,20.492,110.135,20.502,110.145,49
1130,20.497,110.15,20.492,110.145,20.502,110.155,75
1131,20.497,110.16,20.492,110.155,20.502,110.165,32
1132,20.497,110.17,20.492,110.165,20.502,110.175,46
1133,20.497,110.18,20.492,110.175,20.502,110.185,67
1134,20.497,110.19,20.492,110.185,20.502,110.195,4
1135,20.497,110.2,20.492,110.195,20.502,110.205,51
1136,20.497,110.21,20.492,110.205,20.502,110.215,15
1137,20.497,110.22,20.492,110.215,20.502,110.225,46
1138,20.497,110.23,20.492,110.225,20.502,110.235,72
1139,20.497,110.24,20.492,110.235,20.502,110.245,68
1140,20.497,110.25,20.492,110.245,20.502,110.255,16
1141,20.497,110.26,20.492,110.255,20.502,110.265,48
1142,20.497,110.27,20.492,110.265,20.502,110.275,74
1143,20.497,110.28,20.492,110.275,20.502,110.285,12
1144,20.497,110.29,20.492,110.285,20.502,110.295,64
1145,20.497,110.3,20.492,110.295,20.502,110.305,79
1146,20.497,110.31,20.492,110.305,20.502,110.315,54
1147,20.497,110.32,20.492,110.315,20.502,110.325,17
1148,20.497,110.33,20.492,110.325,20.502,110.335,17
1149,20.497,110.34,20.492,110.335,20.502,110.345,11
1150,20.497,110.35,20.492,110.345,20.502,110.355,56
1151,20.497,110.36,20.492,110.355,20.502,110.365,10
1152,20.497,110.37,20.492,110.365,20.502,110.375,24
1153,20.497,110.38,20.492,110.375,20.502,110.385,33
1154,20.497,110.39,20.492,110.385,20.502,110.395,78
1155,20.497,110.4,20.492,110.395,20.502,110.405,29
1156,20.497,110.41,20.492,110.405,20.502,110.415,14
1157,20.497,110.42,20.492,110.415,20.502,110.425,56
1158,20.497,110.43,20.492,110.425,20.502,110.435,55
1159,20.497,110.44,20.492,110.435,20.502,110.445,45
1160,20.497,110.45,20.492,110.445,20.502,110.455,31
1161,20.497,110.46,20.492,110.455,20.502,110.465,33
1162,20.497,110.47,20.492,110.465,20.502,110.475,9
1163,20.497,110.48,20.492,110.475,20.502,110.485,38
1164,20.497,110.49,20.492,110.485,20.502,110.495,53
1165,20.497,110.5,20.492,110.495,20.502,110.505,38
1166,20.497,110.51,20.492,110.505,20.502,110.515,74
1167,20.497,110.52,20.492,110.515,20.502,110.525,6
1168,20.507,110.1,20.502,110.095,20.512,110.105,53
1169,20.507,110.11,20.502,110.105,20.512,110.115,3
1170,20.507,110.12,20.502,110.115,20.512,110.125,80
1171,20.507,110.13,20.502,110.125,20.512,110.135,48
1172,20.507,110.14,20.502,110.135,20.512,110.145,2
1173,20.507,110.15,20.502,110.145,20.512,110.155,63
1174,20.507,110.16,20.502,110.155,20.512,110.165,14
1175,20.507,110.17,20.502,110.165,20.512,110.175,20
1176,20.507,110.18,20.502,110.175,20.512,110.185,3
1177,20.507,110.19,20.502,110.185,20.512,110.195,24
1178,20.507,110.2,20.502,110.195,20.512,110.205,59
1179,20.507,110.21,20.502,110.205,20.512,110.215,18
1180,20.507,110.22,20.502,110.215,20.512,110.225,10
1181,20.507,110.23,20.502,110.225,20.512,110.235,61
1182,20.507,110.24,20.502,110.235,20.512,110.245,26
1183,20.507,110.25,20.502,110.245,20.512,110.255,54
1184,20.507,110.26,20.502,110.255,20.512,110.265,33
1185,20.507,110.27,20.502,110.265,20.512,110.275,36
1186,20.507,110.28,20.502,110.275,20.512,110.285,25
1187,20.507,110.29,20.502,110.285,20.512,110.295,47
1188,20.507,110.3,20.502,110.295,20.512,110.305,80
1189,20.507,110.31,20.502,110.305,20.512,110.315,1
1190,20.507,110.32,20.502,110.315,20.512,110.325,60
1191,20.507,110.33,20.502,110.325,20.512,110.335,4
1192,20.507,110.34,20.502,110.335,20.512,110.345,78
1193,20.507,110.35,20.502,110.345,20.512,110.355,49
1194,20.507,110.36,20.502,110.355,20.512,110.365,20
1195,20.507,110.37,20.502,110.365,20.512,110.375,35
1196,20.507,110.38,20.502,110.375,20.512,110.385,24
1197,20.507,110.39,20.502,110.385,20.512,110.395,67
1198,20.507,110.4,20.502,110.395,20.512,110.405,57
1199,20.507,110.41,20.502,110.405,20.512,110.415,63
1200,20.507,110.42,20.502,110.415,20.512,110.425,47
1201,20.507,110.43,20.502,110.425,20.512,110.435,59
1202,20.507,110.44,20.502,110.435,20.512,110.445,65
1203,20.507,110.45,20.502,110.445,20.512,110.455,67
1204,20.507,110.46,20.502,110.455,20.512,110.465,74
1205,20.507,110.47,20.502,110.465,20.512,110.475,5
1206,20.507,110.48,20.502,110.475,20.512,110.485,19
1207,20.507,110.49,20.502,110.485,20.512,110.495,26
1208,20.507,110.5,20.502,110.495,20.512,110.505,15
1209,20.507,110.51,20.502,110.505,20.512,110.515,61
1210,20.517,110.11,20.512,110.105,20.522,110.115,25
1211,20.517,110.12,20.512,110.115,20.522,110.125,28
1212,20.517,110.13,20.512,110.125,20.522,110.135,16
1213,20.517,110.14,20.512,110.135,20.522,110.145,31
1214,20.517,110.15,20.512,110.145,20.522,110.155,69
1215,20.517,110.16,20.512,110.155,20.522,110.165,37
1216,20.517,110.17,20.512,110.165,20.522,110.175,61
1217,20.517,110.18,20.512,110.175,20.522,110.185,28
1218,20.517,110.19,20.512,110.185,20.522,110.195,51
1219,20.517,110.2,20.512,110.195,20.522,110.205,5
1220,20.517,110.21,20.512,110.205,20.522,110.215,19
1221,20.517,110.22,20.512,110.215,20.522,110.225,69
1222,20.517,110.23,20.512,110.225,20.522,110.235,59
1223,20.517,110.24,20.512,110.235,20.522,110.245,69
1224,20.517,110.25,20.512,110.245,20.522,110.255,40
1225,20.517,110.26,20.512,110.255,20.522,110.265,24
1226,20.517,110.27,20.512,110.265,20.522,110.275,14
1227,20.517,110.28,20.512,110.275,20.522,110.285,54
1228,20.517,110.29,20.512,110.285,20.522,110.295,72
1229,20.517,110.3,20.512,110.295,20.522,110.305,3
1230,20.517,110.31,20.512,110.305,20.522,110.315,35
1231,20.517,110.32,20.512,110.315,20.522,110.325,43
1232,20.517,110.33,20.512,110.325,20.522,110.335,39
1233,20.517,110.34,20.512,110.335,20.522,110.345,51
1234,20.517,110.35,20.512,110.345,20.522,110.355,41
1235,20.517,110.36,20.512,110.355,20.522,110.365,12
1236,20.517,110.37,20.512,110.365,20.522,110.375,17
1237,20.517,110.38,20.512,110.375,20.522,110.385,80
1238,20.517,110.39,20.512,110.385,20.522,110.395,22
1239,20.517,110.4,20.512,110.395,20.522,110.405,63
1240,20.517,110.41,20.512,110.405,20.522,110.415,72
1241,20.517,110.42,20.512,110.415,20.522,110.425,39
1242,20.517,110.43,20.512,110.425,20.522,110.435,21
1243,20.517,110.44,20.512,110.435,20.522,110.445,43
1244,20.517,110.45,20.512,110.445,20.522,110.455,9
1245,20.517,110.46,20.512,110.455,20.522,110.465,33
1246,20.517,110.47,20.512,110.465,20.522,110.475,31
1247,20.517,110.48,20.512,110.475,20.522,110.485,21
1248,20.517,110.49,20.512,110.485,20.522,110.495,39
1249,20.517,110.5,20.512,110.495,20.522,110.505,7
1250,20.517,110.51,20.512,110.505,20.522,110.515,15
1251,20.527,110.12,20.522,110.115,20.532,110.125,10
1252,20.527,110.13,20.522,110.125,20.532,110.135,71
1253,20.527,110.14,20.522,110.135,20.532,110.145,46
1254,20.527,110.15,20.522,110.145,20.532,110.155,2
1255,20.527,110.16,20.522,110.155,20.532,110.165,32
1256,20.527,110.17,20.522,110.165,20.532,110.175,2
1257,20.527,110.18,20.522,110.175,20.532,110.185,59
1258,20.527,110.19,20.522,110.185,20.532,110.195,68
1259,20.527,110.2,20.522,110.195,20.532,110.205,69
1260,20.527,110.21,20.522,110.205,20.532,110.215,37
1261,20.527,110.22,20.522,110.215,20.532,110.225,45
1262,20.527,110.23,20.522,110.225,20.532,110.235,73
1263,20.527,110.24,20.522,110.235,20.532,110.245,54
1264,20.527,110.25,20.522,110.245,20.532,110.255,34
1265,20.527,110.26,20.522,110.255,20.532,110.265,28
1266,20.527,110.27,20.522,110.265,20.532,110.275,37
1267,20.527,110.28,20.522,110.275,20.532,110.285,33
1268,20.527,110.29,20.522,110.285,20.532,110.295,79
1269,20.527,110.3,20.522,110.295,20.532,110.305,0
1270,20.527,110.31,20.522,110.305,20.532,110.315,80
1271,20.527,110.32,20.522,110.315,20.532,110.325,4
1272,20.527,110.33,20.522,110.325,20.532,110.335,64
1273,20.527,110.34,20.522,110.335,20.532,110.345,61
1274,20.527,110.35,20.522,110.345,20.532,110.355,19
1275,20.527,110.36,20.522,110.355,20.532,110.365,7
1276,20.527,110.37,20.522,110.365,20.532,110.375,28
1277,20.527,110.38,20.522,110.375,20.532,110.385,36
1278,20.527,110.39,20.522,110.385,20.532,110.395,27
1279,20.527,110.4,20.522,110.395,20.532,110.405,15
1280,20.527,110.41,20.522,110.405,20.532,110.415,29
1281,20.527,110.42,20.522,110.415,20.532,110.425,38
1282,20.527,110.43,20.522,110.425,20.532,110.435,2
1283,20.527,110.44,20.522,110.435,20.532,110.445,29
1284,20.527,110.45,20.522,110.445,20.532,110.455,18
1285,20.527,110.46,20.522,110.455,20.532,110.465,44
1286,20.527,110.47,20.522,110.465,20.532,110.475,66
1287,20.527,110.48,20.522,110.475,20.532,110.485,44
1288,20.527,110.49,20.522,110.485,20.532,110.495,35
1289,20.527,110.5,20.522,110.495,20.532,110.505,53
1290,20.537,110.12,20.532,110.115,20.542,110.125,65
1291,20.537,110.13,20.532,110.125,20.542,110.135,18
1292,20.537,110.14,20.532,110.135,20.542,110.145,47
1293,20.537,110.15,20.532,110.145,20.542,110.155,21
1294,20.537,110.16,20.532,110.155,20.542,110.165,71
1295,20.537,110.17,20.532,110.165,20.542,110.175,46
1296,20.537,110.18,20.532,110.175,20.542,110.185,79
1297,20.537,110.19,20.532,110.185,20.542,110.195,0
1298,20.537,110.2,20.532,110.195,20.542,110.205,60
1299,20.537,110.21,20.532,110.205,20.542,110.215,67
1300,20.537,110.22,20.532,110.215,20.542,110.225,16
1301,20.537,110.23,20.532,110.225,20.542,110.235,64
1302,20.537,110.24,20.532,110.235,20.542,110.245,25
1303,20.537,110.25,20.532,110.245,20.542,110.255,64
1304,20.537,110.26,20.532,110.255,20.542,110.265,54
1305,20.537,110.27,20.532,110.265,20.542,110.275,34
1306,20.537,110.28,20.532,110.275,20.542,110.285,60
1307,20.537,110.29,20.532,110.285,20.542,110.295,21
1308,20.537,110.3,20.532,110.295,20.542,110.305,9
1309,20.537,110.31,20.532,110.305,20.542,110.315,18
1310,20.537,110.32,20.532,110.315,20.542,110.325,13
1311,20.537,110.33,20.532,110.325,20.542,110.335,28
1312,20.537,110.34,20.532,110.335,20.542,110.345,6
1313,20.537,110.35,20.532,110.345,20.542,110.355,20
1314,20.537,110.36,20.532,110.355,20.542,110.365,28
1315,20.537,110.37,20.532,110.365,20.542,110.375,3
1316,20.537,110.38,20.532,110.375,20.542,110.385,73
1317,20.537,110.39,20.532,110.385,20.542,110.395,14
1318,20.537,110.4,20.532,110.395,20.542,110.405,39
1319,20.537,110.41,20.532,110.405,20.542,110.415,10
1320,20.537,110.42,20.532,110.415,20.542,110.425,79
1321,20.537,110.43,20.532,110.425,20.542,110.435,34
1322,20.537,110.44,20.532,110.435,20.542,110.445,58
1323,20.537,110.45,20.532,110.445,20.542,110.455,12
1324,20.537,110.46,20.532,110.455,20.542,110.465,7
1325,20.537,110.47,20.532,110.465,20.542,110.475,46
1326,20.537,110.48,20.532,110.475,20.542,110.485,22
1327,20.537,110.49,20.532,110.485,20.542,110.495,77
1328,20.537,110.5,20.532,110.495,20.542,110.505,57
1329,20.547,110.13,20.542,110.125,20.552,110.135,3
1330,20.547,110.14,20.542,110.135,20.552,110.145,0
1331,20.547,110.18,20.542,110.175,20.552,110.185,31
1332,20.547,110.19,20.542,110.185,20.552,110.195,48
1333,20.547,110.2,20.542,110.195,20.552,110.205,25
1334,20.547,110.21,20.542,110.205,20.552,110.215,13
1335,20.547,110.22,20.542,110.215,20.552,110.225,49
1336,20.547,110.23,20.542,110.225,20.552,110.235,39
1337,20.547,110.24,20.542,110.235,20.552,110.245,55
1338,20.547,110.25,20.542,110.245,20.552,110.255,60
1339,20.547,110.26,20.542,110.255,20.552,110.265,0
1340,20.547,110.27,20.542,110.265,20.552,110.275,65
1341,20.547,110.28,20.542,110.275,20.552,110.285,10
1342,20.547,110.29,20.542,110.285,20.552,110.295,12
1343,20.547,110.3,20.542,110.295,20.552,110.305,19
1344,20.547,110.31,20.542,110.305,20.552,110.315,66
1345,20.547,110.32,20.542,110.315,20.552,110.325,64
1346,20.547,110.33,20.542,110.325,20.552,110.335,70
1347,20.547,110.34,20.542,110.335,20.552,110.345,24
1348,20.547,110.35,20.542,110.345,20.552,110.355,47
1349,20.547,110.36,20.542,110.355,20.552,110.365,61
1350,20.547,110.37,20.542,110.365,20.552,110.375,28
1351,20.547,110.38,20.542,110.375,20.552,110.385,46
1352,20.547,110.39,20.542,110.385,20.552,110.395,14
1353,20.547,110.4,20.542,110.395,20.552,110.405,74
1354,20.547,110.41,20.542,110.405,20.552,110.415,29
1355,20.547,110.42,20.542,110.415,20.552,110.425,27
1356,20.547,110.43,20.542,110.425,20.552,110.435,13
1357,20.547,110.44,20.542,110.435,20.552,110.445,50
1358,20.547,110.45,20.542,110.445,20.552,110.455,69
1359,20.547,110.46,20.542,110.455,20.552,110.465,24
1360,20.547,110.47,20.542,110.465,20.552,110.475,56
1361,20.547,110.48,20.542,110.475,20.552,110.485,75
1362,20.547,110.49,20.542,110.485,20.552,110.495,34
1363,20.557,110.2,20.552,110.195,20.562,110.205,32
1364,20.557,110.21,20.552,110.205,20.562,110.215,12
1365,20.557,110.22,20.552,110.215,20.562,110.225,57
1366,20.557,110.23,20.552,110.225,20.562,110.235,33
1367,20.557,110.24,20.552,110.235,20.562,110.245,48
1368,20.557,110.25,20.552,110.245,20.562,110.255,80
1369,20.557,110.26,20.552,110.255,20.562,110.265,64
1370,20.557,110.27,20.552,110.265,20.562,110.275,15
1371,20.557,110.28,20.552,110.275,20.562,110.285,44
1372,20.557,110.29,20.552,110.285,20.562,110.295,27
1373,20.557,110.3,20.552,110.295,20.562,110.305,72
1374,20.557,110.31,20.552,110.305,20.562,110.315,16
1375,20.557,110.32,20.552,110.315,20.562,110.325,49
1376,20.557,110.33,20.552,110.325,20.562,110.335,56
1377,20.557,110.34,20.552,110.335,20.562,110.345,38
1378,20.557,110.35,20.552,110.345,20.562,110.355,31
1379,20.557,110.36,20.552,110.355,20.562,110.365,34
1380,20.557,110.37,20.552,110.365,20.562,110.375,58
1381,20.557,110.38,20.552,110.375,20.562,110.385,51
1382,20.557,110.39,20.552,110.385,20.562,110.395,31
1383,20.557,110.4,20.552,110.395,20.562,110.405,56
1384,20.557,110.41,20.552,110.405,20.562,110.415,7
1385,20.557,110.42,20.552,110.415,20.562,110.425,32
1386,20.557,110.43,20.552,110.425,20.562,110.435,16
1387,20.557,110.44,20.552,110.435,20.562,110.445,5
1388,20.557,110.45,20.552,110.445,20.562,110.455,0
1389,20.557,110.46,20.552,110.455,20.562,110.465,60
1390,20.557,110.47,20.552,110.465,20.562,110.475,60
1391,20.557,110.48,20.552,110.475,20.562,110.485,6
1392,20.557,110.49,20.552,110.485,20.562,110.495,8
1393,20.567,110.21,20.562,110.205,20.572,110.215,41
1394,20.567,110.22,20.562,110.215,20.572,110.225,1
1395,20.567,110.27,20.562,110.265,20.572,110.275,48
1396,20.567,110.28,20.562,110.275,20.572,110.285,17
1397,20.567,110.29,20.562,110.285,20.572,110.295,6
1398,20.567,110.3,20.562,110.295,20.572,110.305,72
1399,20.567,110.31,20.562,110.305,20.572,110.315,12
1400,20.567,110.32,20.562,110.315,20.572,110.325,16
1401,20.567,110.33,20.562,110.325,20.572,110.335,24
1402,20.567,110.34,20.562,110.335,20.572,110.345,55
1403,20.567,110.35,20.562,110.345,20.572,110.355,44
1404,20.567,110.36,20.562,110.355,20.572,110.365,14
1405,20.567,110.37,20.562,110.365,20.572,110.375,25
1406,20.567,110.38,20.562,110.375,20.572,110.385,80
1407,20.567,110.39,20.562,110.385,20.572,110.395,19
1408,20.567,110.4,20.562,110.395,20.572,110.405,15
1409,20.567,110.41,20.562,110.405,20.572,110.415,36
1410,20.567,110.42,20.562,110.415,20.572,110.425,35
1411,20.567,110.43,20.562,110.425,20.572,110.435,35
1412,20.567,110.44,20.562,110.435,20.572,110.445,63
1413,20.567,110.46,20.562,110.455,20.572,110.465,14
1414,20.567,110.47,20.562,110.465,20.572,110.475,29
1415,20.567,110.48,20.562,110.475,20.572,110.485,35
1416,20.577,110.27,20.572,110.265,20.582,110.275,55
1417,20.577,110.28,20.572,110.275,20.582,110.285,49
1418,20.577,110.29,20.572,110.285,20.582,110.295,46
1419,20.577,110.3,20.572,110.295,20.582,110.305,80
1420,20.577,110.31,20.572,110.305,20.582,110.315,80
1421,20.577,110.32,20.572,110.315,20.582,110.325,52
1422,20.577,110.33,20.572,110.325,20.582,110.335,67
1423,20.577,110.34,20.572,110.335,20.582,110.345,1
1424,20.577,110.35,20.572,110.345,20.582,110.355,28
1425,20.577,110.36,20.572,110.355,20.582,110.365,54
1426,20.577,110.37,20.572,110.365,20.582,110.375,19
1427,20.577,110.38,20.572,110.375,20.582,110.385,47
1428,20.577,110.39,20.572,110.385,20.582,110.395,37
1429,20.577,110.4,20.572,110.395,20.582,110.405,7
1430,20.577,110.41,20.572,110.405,20.582,110.415,53
1431,20.577,110.42,20.572,110.415,20.582,110.425,25
1432,20.577,110.43,20.572,110.425,20.582,110.435,40
1433,20.577,110.45,20.572,110.445,20.582,110.455,45
1434,20.577,110.47,20.572,110.465,20.582,110.475,16
1435,20.587,110.28,20.582,110.275,20.592,110.285,26
1436,20.587,110.29,20.582,110.285,20.592,110.295,53
1437,20.587,110.3,20.582,110.295,20.592,110.305,40
1438,20.587,110.31,20.582,110.305,20.592,110.315,27
1439,20.587,110.32,20.582,110.315,20.592,110.325,60
1440,20.587,110.33,20.582,110.325,20.592,110.335,73
1441,20.587,110.34,20.582,110.335,20.592,110.345,46
1442,20.587,110.35,20.582,110.345,20.592,110.355,11
1443,20.587,110.36,20.582,110.355,20.592,110.365,73
1444,20.587,110.37,20.582,110.365,20.592,110.375,77
1445,20.587,110.38,20.582,110.375,20.592,110.385,14
1446,20.587,110.39,20.582,110.385,20.592,110.395,72
1447,20.587,110.4,20.582,110.395,20.592,110.405,10
1448,20.587,110.41,20.582,110.405,20.592,110.415,4
1449,20.587,110.45,20.582,110.445,20.592,110.455,52
1450,20.587,110.46,20.582,110.455,20.592,110.465,70
1451,20.587,110.47,20.582,110.465,20.592,110.475,69
1452,20.587,110.48,20.582,110.475,20.592,110.485,36
1453,20.597,110.28,20.592,110.275,20.602,110.285,78
1454,20.597,110.29,20.592,110.285,20.602,110.295,78
1455,20.597,110.3,20.592,110.295,20.602,110.305,19
1456,20.597,110.31,20.592,110.305,20.602,110.315,54
1457,20.597,110.32,20.592,110.315,20.602,110.325,17
1458,20.597,110.33,20.592,110.325,20.602,110.335,35
1459,20.597,110.34,20.592,110.335,20.602,110.345,67
1460,20.597,110.35,20.592,110.345,20.602,110.355,67
1461,20.597,110.36,20.592,110.355,20.602,110.365,73
1462,20.597,110.37,20.592,110.365,20.602,110.375,3
1463,20.597,110.38,20.592,110.375,20.602,110.385,22
1464,20.597,110.39,20.592,110.385,20.602,110.395,61
1465,20.597,110.4,20.592,110.395,20.602,110.405,46
1466,20.597,110.42,20.592,110.415,20.602,110.425,60
1467,20.597,110.44,20.592,110.435,20.602,110.445,71
1468,20.597,110.45,20.592,110.445,20.602,110.455,78
1469,20.597,110.46,20.592,110.455,20.602,110.465,78
1470,20.597,110.47,20.592,110.465,20.602,110.475,38
1471,20.597,110.48,20.592,110.475,20.602,110.485,59
1472,20.607,110.3,20.602,110.295,20.612,110.305,68
1473,20.607,110.31,20.602,110.305,20.612,110.315,5
1474,20.607,110.32,20.602,110.315,20.612,110.325,51
1475,20.607,110.33,20.602,110.325,20.612,110.335,11
1476,20.607,110.34,20.602,110.335,20.612,110.345,0
1477,20.607,110.35,20.602,110.345,20.612,110.355,16
1478,20.607,110.36,20.602,110.355,20.612,110.365,56
1479,20.607,110.37,20.602,110.365,20.612,110.375,72
1480,20.607,110.38,20.602,110.375,20.612,110.385,24
1481,20.607,110.39,20.602,110.385,20.612,110.395,68
1482,20.607,110.41,20.602,110.405,20.612,110.415,59
1483,20.607,110.42,20.602,110.415,20.612,110.425,14
1484,20.607,110.44,20.602,110.435,20.612,110.445,72
1485,20.607,110.45,20.602,110.445,20.612,110.455,47
1486,20.607,110.46,20.602,110.455,20.612,110.465,34
1487,20.607,110.47,20.602,110.465,20.612,110.475,3
1488,20.607,110.48,20.602,110.475,20.612,110.485,32
1489,20.617,110.32,20.612,110.315,20.622,110.325,25
1490,20.617,110.33,20.612,110.325,20.622,110.335,79
1491,20.617,110.34,20.612,110.335,20.622,110.345,41
1492,20.617,110.35,20.612,110.345,20.622,110.355,16
1493,20.617,110.36,20.612,110.355,20.622,110.365,0
1494,20.617,110.37,20.612,110.365,20.622,110.375,45
1495,20.617,110.38,20.612,110.375,20.622,110.385,76
1496,20.617,110.39,20.612,110.385,20.622,110.395,79
1497,20.617,110.4,20.612,110.395,20.622,110.405,37
1498,20.617,110.44,20.612,110.435,20.622,110.445,65
1499,20.617,110.45,20.612,110.445,20.622,110.455,22
1500,20.617,110.46,20.612,110.455,20.622,110.465,18
1501,20.617,110.47,20.612,110.465,20.622,110.475,26
1502,20.617,110.48,20.612,110.475,20.622,110.485,74
1503,20.627,110.34,20.622,110.335,20.632,110.345,29
1504,20.627,110.35,20.622,110.345,20.632,110.355,22
1505,20.627,110.36,20.622,110.355,20.632,110.365,15
1506,20.627,110.37,20.622,110.365,20.632,110.375,39
1507,20.627,110.38,20.622,110.375,20.632,110.385,45
1508,20.627,110.39,20.622,110.385,20.632,110.395,60
1509,20.627,110.4,20.622,110.395,20.632,110.405,3
1510,20.627,110.44,20.622,110.435,20.632,110.445,2
1511,20.627,110.45,20.622,110.445,20.632,110.455,3
1512,20.627,110.46,20.622,110.455,20.632,110.465,6
1513,20.627,110.47,20.622,110.465,20.632,110.475,15
1514,20.627,110.48,20.622,110.475,20.632,110.485,70
1515,20.637,110.36,20.632,110.355,20.642,110.365,64
1516,20.637,110.37,20.632,110.365,20.642,110.375,12
1517,20.637,110.38,20.632,110.375,20.642,110.385,51
1518,20.637,110.39,20.632,110.385,20.642,110.395,62
1519,20.637,110.4,20.632,110.395,20.642,110.405,44
1520,20.637,110.41,20.632,110.405,20.642,110.415,32
1521,20.637,110.43,20.632,110.425,20.642,110.435,63
1522,20.637,110.44,20.632,110.435,20.642,110.445,9
1523,20.637,110.45,20.632,110.445,20.642,110.455,56
1524,20.637,110.46,20.632,110.455,20.642,110.465,63
1525,20.637,110.47,20.632,110.465,20.642,110.475,41
1526,20.647,110.38,20.642,110.375,20.652,110.385,4
1527,20.647,110.41,20.642,110.405,20.652,110.415,9
1528,20.647,110.42,20.642,110.415,20.652,110.425,67
1529,20.647,110.43,20.642,110.425,20.652,110.435,16
1530,20.647,110.44,20.642,110.435,20.652,110.445,39
1531,20.647,110.45,20.642,110.445,20.652,110.455,10
1532,20.647,110.46,20.642,110.455,20.652,110.465,40
1533,20.647,110.47,20.642,110.465,20.652,110.475,39
1534,20.657,110.38,20.652,110.375,20.662,110.385,20
1535,20.657,110.39,20.652,110.385,20.662,110.395,9
1536,20.657,110.41,20.652,110.405,20.662,110.415,42
1537,20.657,110.42,20.652,110.415,20.662,110.425,51
1538,20.657,110.43,20.652,110.425,20.662,110.435,60
1539,20.657,110.44,20.652,110.435,20.662,110.445,56
1540,20.657,110.45,20.652,110.445,20.662,110.455,57
1541,20.657,110.46,20.652,110.455,20.662,110.465,49
1542,20.657,110.47,20.652,110.465,20.662,110.475,11
1543,20.667,110.39,20.662,110.385,20.672,110.395,49
1544,20.667,110.41,20.662,110.405,20.672,110.415,77
1545,20.667,110.44,20.662,110.435,20.672,110.445,51
1546,20.667,110.46,20.662,110.455,20.672,110.465,14
1547,20.687,110.41,20.682,110.405,20.692,110.415,25
1548,20.687,110.42,20.682,110.415,20.692,110.425,28
1549,20.687,110.43,20.682,110.425,20.692,110.435,9
1550,20.697,110.42,20.692,110.415,20.702,110.425,5
1551,20.697,110.43,20.692,110.425,20.702,110.435,39
1552,20.707,110.41,20.702,110.405,20.712,110.415,8
1553,20.707,110.42,20.702,110.415,20.712,110.425,19
