FID,Lat,Lon,lat1,lon1,lat2,lon2,output
1,20.227,109.92,20.222,109.915,20.232,109.925,32
2,20.237,109.93,20.232,109.925,20.242,109.935,44
3,20.247,109.92,20.242,109.915,20.252,109.925,12
4,20.247,109.93,20.242,109.925,20.252,109.935,9
5,20.247,109.94,20.242,109.935,20.252,109.945,26
6,20.247,110.12,20.242,110.115,20.252,110.125,13
7,20.247,110.13,20.242,110.125,20.252,110.135,41
8,20.247,110.14,20.242,110.135,20.252,110.145,35
9,20.247,110.15,20.242,110.145,20.252,110.155,58
10,20.247,110.16,20.242,110.155,20.252,110.165,3
11,20.247,110.17,20.242,110.165,20.252,110.175,41
12,20.247,110.18,20.242,110.175,20.252,110.185,25
13,20.257,109.92,20.252,109.915,20.262,109.925,72
14,20.257,109.93,20.252,109.925,20.262,109.935,4
15,20.257,109.94,20.252,109.935,20.262,109.945,80
16,20.257,109.95,20.252,109.945,20.262,109.955,76
17,20.257,110.12,20.252,110.115,20.262,110.125,37
18,20.257,110.13,20.252,110.125,20.262,110.135,10
19,20.257,110.14,20.252,110.135,20.262,110.145,46
20,20.257,110.15,20.252,110.145,20.262,110.155,32
21,20.257,110.16,20.252,110.155,20.262,110.165,25
22,20.257,110.17,20.252,110.165,20.262,110.175,74
23,20.257,110.18,20.252,110.175,20.262,110.185,47
24,20.257,110.19,20.252,110.185,20.262,110.195,41
25,20.257,110.28,20.252,110.275,20.262,110.285,41
26,20.267,109.93,20.262,109.925,20.272,109.935,3
27,20.267,109.94,20.262,109.935,20.272,109.945,1
28,20.267,109.95,20.262,109.945,20.272,109.955,56
29,20.267,109.96,20.262,109.955,20.272,109.965,60
30,20.267,110.01,20.262,110.005,20.272,110.015,64
31,20.267,110.09,20.262,110.085,20.272,110.095,24
32,20.267,110.1,20.262,110.095,20.272,110.105,58
33,20.267,110.11,20.262,110.105,20.272,110.115,29
34,20.267,110.12,20.262,110.115,20.272,110.125,53
35,20.267,110.13,20.262,110.125,20.272,110.135,25
36,20.267,110.14,20.262,110.135,20.272,110.145,45
37,20.267,110.15,20.262,110.145,20.272,110.155,30
38,20.267,110.16,20.262,110.155,20.272,110.165,68
39,20.267,110.17,20.262,110.165,20.272,110.175,9
40,20.267,110.18,20.262,110.175,20.272,110.185,27
41,20.267,110.19,20.262,110.185,20.272,110.195,76
42,20.267,110.25,20.262,110.245,20.272,110.255,76
43,20.267,110.27,20.262,110.265,20.272,110.275,18
44,20.267,110.28,20.262,110.275,20.272,110.285,63
45,20.267,110.29,20.262,110.285,20.272,110.295,53
46,20.267,110.3,20.262,110.295,20.272,110.305,54
47,20.267,110.31,20.262,110.305,20.272,110.315,50
48,20.267,110.32,20.262,110.315,20.272,110.325,66
49,20.267,110.33,20.262,110.325,20.272,110.335,3
50,20.277,109.94,20.272,109.935,20.282,109.945,67
51,20.277,109.95,20.272,109.945,20.282,109.955,27
52,20.277,109.96,20.272,109.955,20.282,109.965,78
53,20.277,109.97,20.272,109.965,20.282,109.975,16
54,20.277,110.01,20.272,110.005,20.282,110.015,22
55,20.277,110.07,20.272,110.065,20.282,110.075,35
56,20.277,110.08,20.272,110.075,20.282,110.085,73
57,20.277,110.09,20.272,110.085,20.282,110.095,72
58,20.277,110.1,20.272,110.095,20.282,110.105,22
59,20.277,110.11,20.272,110.105,20.282,110.115,44
60,20.277,110.12,20.272,110.115,20.282,110.125,63
61,20.277,110.13,20.272,110.125,20.282,110.135,53
62,20.277,110.14,20.272,110.135,20.282,110.145,66
63,20.277,110.15,20.272,110.145,20.282,110.155,27
64,20.277,110.16,20.272,110.155,20.282,110.165,28
65,20.277,110.17,20.272,110.165,20.282,110.175,80
66,20.277,110.18,20.272,110.175,20.282,110.185,65
67,20.277,110.19,20.272,110.185,20.282,110.195,63
68,20.277,110.2,20.272,110.195,20.282,110.205,75
69,20.277,110.21,20.272,110.205,20.282,110.215,7
70,20.277,110.22,20.272,110.215,20.282,110.225,70
71,20.277,110.23,20.272,110.225,20.282,110.235,14
72,20.277,110.24,20.272,110.235,20.282,110.245,0
73,20.277,110.25,20.272,110.245,20.282,110.255,15
74,20.277,110.26,20.272,110.255,20.282,110.265,13
75,20.277,110.27,20.272,110.265,20.282,110.275,34
76,20.277,110.28,20.272,110.275,20.282,110.285,28
77,20.277,110.29,20.272,110.285,20.282,110.295,70
78,20.277,110.3,20.272,110.295,20.282,110.305,60
79,20.277,110.31,20.272,110.305,20.282,110.315,26
80,20.277,110.32,20.272,110.315,20.282,110.325,16
81,20.277,110.33,20.272,110.325,20.282,110.335,47
82,20.287,109.94,20.282,109.935,20.292,109.945,27
83,20.287,109.95,20.282,109.945,20.292,109.955,26
84,20.287,109.96,20.282,109.955,20.292,109.965,21
85,20.287,109.97,20.282,109.965,20.292,109.975,2
86,20.287,109.98,20.282,109.975,20.292,109.985,34
87,20.287,110,20.282,109.995,20.292,110.005,75
88,20.287,110.01,20.282,110.005,20.292,110.015,31
89,20.287,110.03,20.282,110.025,20.292,110.035,29
90,20.287,110.06,20.282,110.055,20.292,110.065,1
91,20.287,110.07,20.282,110.065,20.292,110.075,71
92,20.287,110.08,20.282,110.075,20.292,110.085,48
93,20.287,110.09,20.282,110.085,20.292,110.095,67
94,20.287,110.1,20.282,110.095,20.292,110.105,57
95,20.287,110.11,20.282,110.105,20.292,110.115,32
96,20.287,110.12,20.282,110.115,20.292,110.125,58
97,20.287,110.13,20.282,110.125,20.292,110.135,54
98,20.287,110.14,20.282,110.135,20.292,110.145,16
99,20.287,110.15,20.282,110.145,20.292,110.155,74
100,20.287,110.16,20.282,110.155,20.292,110.165,77
101,20.287,110.17,20.282,110.165,20.292,110.175,72
102,20.287,110.18,20.282,110.175,20.292,110.185,57
103,20.287,110.19,20.282,110.185,20.292,110.195,3
104,20.287,110.2,20.282,110.195,20.292,110.205,33
105,20.287,110.21,20.282,110.205,20.292,110.215,43
106,20.287,110.22,20.282,110.215,20.292,110.225,42
107,20.287,110.23,20.282,110.225,20.292,110.235,77
108,20.287,110.24,20.282,110.235,20.292,110.245,60
109,20.287,110.25,20.282,110.245,20.292,110.255,43
110,20.287,110.26,20.282,110.255,20.292,110.265,77
111,20.287,110.27,20.282,110.265,20.292,110.275,8
112,20.287,110.28,20.282,110.275,20.292,110.285,42
113,20.287,110.29,20.282,110.285,20.292,110.295,45
114,20.287,110.3,20.282,110.295,20.292,110.305,37
115,20.287,110.31,20.282,110.305,20.292,110.315,14
116,20.287,110.32,20.282,110.315,20.292,110.325,25
117,20.287,110.33,20.282,110.325,20.292,110.335,29
118,20.287,110.34,20.282,110.335,20.292,110.345,3
119,20.287,110.35,20.282,110.345,20.292,110.355,32
120,20.297,109.94,20.292,109.935,20.302,109.945,42
121,20.297,109.95,20.292,109.945,20.302,109.955,24
122,20.297,109.96,20.292,109.955,20.302,109.965,66
123,20.297,109.97,20.292,109.965,20.302,109.975,59
124,20.297,109.98,20.292,109.975,20.302,109.985,74
125,20.297,109.99,20.292,109.985,20.302,109.995,60
126,20.297,110,20.292,109.995,20.302,110.005,19
127,20.297,110.01,20.292,110.005,20.302,110.015,4
128,20.297,110.02,20.292,110.015,20.302,110.025,41
129,20.297,110.03,20.292,110.025,20.302,110.035,44
130,20.297,110.04,20.292,110.035,20.302,110.045,33
131,20.297,110.05,20.292,110.045,20.302,110.055,39
132,20.297,110.06,20.292,110.055,20.302,110.065,10
133,20.297,110.07,20.292,110.065,20.302,110.075,66
134,20.297,110.08,20.292,110.075,20.302,110.085,29
135,20.297,110.09,20.292,110.085,20.302,110.095,73
136,20.297,110.1,20.292,110.095,20.302,110.105,38
137,20.297,110.11,20.292,110.105,20.302,110.115,0
138,20.297,110.12,20.292,110.115,20.302,110.125,28
139,20.297,110.13,20.292,110.125,20.302,110.135,38
140,20.297,110.14,20.292,110.135,20.302,110.145,28
141,20.297,110.15,20.292,110.145,20.302,110.155,62
142,20.297,110.16,20.292,110.155,20.302,110.165,28
143,20.297,110.17,20.292,110.165,20.302,110.175,78
144,20.297,110.18,20.292,110.175,20.302,110.185,2
145,20.297,110.19,20.292,110.185,20.302,110.195,5
146,20.297,110.2,20.292,110.195,20.302,110.205,36
147,20.297,110.21,20.292,110.205,20.302,110.215,1
148,20.297,110.22,20.292,110.215,20.302,110.225,43
149,20.297,110.23,20.292,110.225,20.302,110.235,4
150,20.297,110.24,20.292,110.235,20.302,110.245,33
151,20.297,110.25,20.292,110.245,20.302,110.255,65
152,20.297,110.26,20.292,110.255,20.302,110.265,73
153,20.297,110.27,20.292,110.265,20.302,110.275,29
154,20.297,110.28,20.292,110.275,20.302,110.285,53
155,20.297,110.29,20.292,110.285,20.302,110.295,26
156,20.297,110.3,20.292,110.295,20.302,110.305,29
157,20.297,110.31,20.292,110.305,20.302,110.315,70
158,20.297,110.32,20.292,110.315,20.302,110.325,13
159,20.297,110.33,20.292,110.325,20.302,110.335,69
160,20.297,110.34,20.292,110.335,20.302,110.345,64
161,20.297,110.35,20.292,110.345,20.302,110.355,16
162,20.307,109.94,20.302,109.935,20.312,109.945,22
163,20.307,109.95,20.302,109.945,20.312,109.955,12
164,20.307,109.96,20.302,109.955,20.312,109.965,78
165,20.307,109.97,20.302,109.965,20.312,109.975,56
166,20.307,109.98,20.302,109.975,20.312,109.985,5
167,20.307,109.99,20.302,109.985,20.312,109.995,51
168,20.307,110,20.302,109.995,20.312,110.005,55
169,20.307,110.01,20.302,110.005,20.312,110.015,51
170,20.307,110.02,20.302,110.015,20.312,110.025,73
171,20.307,110.03,20.302,110.025,20.312,110.035,12
172,20.307,110.04,20.302,110.035,20.312,110.045,0
173,20.307,110.05,20.302,110.045,20.312,110.055,79
174,20.307,110.06,20.302,110.055,20.312,110.065,44
175,20.307,110.07,20.302,110.065,20.312,110.075,62
176,20.307,110.08,20.302,110.075,20.312,110.085,59
177,20.307,110.09,20.302,110.085,20.312,110.095,44
178,20.307,110.1,20.302,110.095,20.312,110.105,40
179,20.307,110.11,20.302,110.105,20.312,110.115,56
180,20.307,110.12,20.302,110.115,20.312,110.125,56
181,20.307,110.13,20.302,110.125,20.312,110.135,7
182,20.307,110.14,20.302,110.135,20.312,110.145,32
183,20.307,110.15,20.302,110.145,20.312,110.155,51
184,20.307,110.16,20.302,110.155,20.312,110.165,64
185,20.307,110.17,20.302,110.165,20.312,110.175,80
186,20.307,110.18,20.302,110.175,20.312,110.185,26
187,20.307,110.19,20.302,110.185,20.312,110.195,11
188,20.307,110.2,20.302,110.195,20.312,110.205,6
189,20.307,110.21,20.302,110.205,20.312,110.215,59
190,20.307,110.22,20.302,110.215,20.312,110.225,46
191,20.307,110.23,20.302,110.225,20.312,110.235,70
192,20.307,110.24,20.302,110.235,20.312,110.245,35
193,20.307,110.25,20.302,110.245,20.312,110.255,75
194,20.307,110.26,20.302,110.255,20.312,110.265,10
195,20.307,110.27,20.302,110.265,20.312,110.275,33
196,20.307,110.28,20.302,110.275,20.312,110.285,27
197,20.307,110.29,20.302,110.285,20.312,110.295,58
198,20.307,110.3,20.302,110.295,20.312,110.305,2
199,20.307,110.31,20.302,110.305,20.312,110.315,65
200,20.307,110.32,20.302,110.315,20.312,110.325,29
201,20.307,110.33,20.302,110.325,20.312,110.335,66
202,20.307,110.34,20.302,110.335,20.312,110.345,42
203,20.307,110.35,20.302,110.345,20.312,110.355,26
204,20.307,110.36,20.302,110.355,20.312,110.365,50
205,20.307,110.37,20.302,110.365,20.312,110.375,71
206,20.307,110.39,20.302,110.385,20.312,110.395,29
207,20.307,110.4,20.302,110.395,20.312,110.405,79
208,20.317,109.93,20.312,109.925,20.322,109.935,3
209,20.317,109.94,20.312,109.935,20.322,109.945,61
210,20.317,109.95,20.312,109.945,20.322,109.955,47
211,20.317,109.96,20.312,109.955,20.322,109.965,19
212,20.317,109.97,20.312,109.965,20.322,109.975,23
213,20.317,109.98,20.312,109.975,20.322,109.985,37
214,20.317,109.99,20.312,109.985,20.322,109.995,63
215,20.317,110,20.312,109.995,20.322,110.005,56
216,20.317,110.01,20.312,110.005,20.322,110.015,68
217,20.317,110.02,20.312,110.015,20.322,110.025,29
218,20.317,110.03,20.312,110.025,20.322,110.035,0
219,20.317,110.04,20.312,110.035,20.322,110.045,32
220,20.317,110.05,20.312,110.045,20.322,110.055,77
221,20.317,110.06,20.312,110.055,20.322,110.065,53
222,20.317,110.07,20.312,110.065,20.322,110.075,68
223,20.317,110.08,20.312,110.075,20.322,110.085,79
224,20.317,110.09,20.312,110.085,20.322,110.095,1
225,20.317,110.1,20.312,110.095,20.322,110.105,37
226,20.317,110.11,20.312,110.105,20.322,110.115,2
227,20.317,110.12,20.312,110.115,20.322,110.125,47
228,20.317,110.13,20.312,110.125,20.322,110.135,67
229,20.317,110.14,20.312,110.135,20.322,110.145,10
230,20.317,110.15,20.312,110.145,20.322,110.155,45
231,20.317,110.16,20.312,110.155,20.322,110.165,47
232,20.317,110.17,20.312,110.165,20.322,110.175,17
233,20.317,110.18,20.312,110.175,20.322,110.185,30
234,20.317,110.19,20.312,110.185,20.322,110.195,8
235,20.317,110.2,20.312,110.195,20.322,110.205,5
236,20.317,110.21,20.312,110.205,20.322,110.215,52
237,20.317,110.22,20.312,110.215,20.322,110.225,70
238,20.317,110.23,20.312,110.225,20.322,110.235,48
239,20.317,110.24,20.312,110.235,20.322,110.245,78
240,20.317,110.25,20.312,110.245,20.322,110.255,33
241,20.317,110.26,20.312,110.255,20.322,110.265,67
242,20.317,110.27,20.312,110.265,20.322,110.275,67
243,20.317,110.28,20.312,110.275,20.322,110.285,9
244,20.317,110.29,20.312,110.285,20.322,110.295,45
245,20.317,110.3,20.312,110.295,20.322,110.305,65
246,20.317,110.31,20.312,110.305,20.322,110.315,63
247,20.317,110.32,20.312,110.315,20.322,110.325,63
248,20.317,110.33,20.312,110.325,20.322,110.335,33
249,20.317,110.34,20.312,110.335,20.322,110.345,69
250,20.317,110.35,20.312,110.345,20.322,110.355,54
251,20.317,110.36,20.312,110.355,20.322,110.365,51
252,20.317,110.37,20.312,110.365,20.322,110.375,27
253,20.317,110.38,20.312,110.375,20.322,110.385,56
254,20.317,110.39,20.312,110.385,20.322,110.395,48
255,20.317,110.4,20.312,110.395,20.322,110.405,47
256,20.317,110.41,20.312,110.405,20.322,110.415,29
257,20.327,109.93,20.322,109.925,20.332,109.935,10
258,20.327,109.94,20.322,109.935,20.332,109.945,56
259,20.327,109.95,20.322,109.945,20.332,109.955,54
260,20.327,109.96,20.322,109.955,20.332,109.965,0
261,20.327,109.97,20.322,109.965,20.332,109.975,55
262,20.327,109.98,20.322,109.975,20.332,109.985,15
263,20.327,109.99,20.322,109.985,20.332,109.995,48
264,20.327,110,20.322,109.995,20.332,110.005,32
265,20.327,110.01,20.322,110.005,20.332,110.015,76
266,20.327,110.02,20.322,110.015,20.332,110.025,16
267,20.327,110.03,20.322,110.025,20.332,110.035,79
268,20.327,110.04,20.322,110.035,20.332,110.045,62
269,20.327,110.05,20.322,110.045,20.332,110.055,7
270,20.327,110.06,20.322,110.055,20.332,110.065,20
271,20.327,110.07,20.322,110.065,20.332,110.075,45
272,20.327,110.08,20.322,110.075,20.332,110.085,60
273,20.327,110.09,20.322,110.085,20.332,110.095,30
274,20.327,110.1,20.322,110.095,20.332,110.105,14
275,20.327,110.11,20.322,110.105,20.332,110.115,22
276,20.327,110.12,20.322,110.115,20.332,110.125,11
277,20.327,110.13,20.322,110.125,20.332,110.135,58
278,20.327,110.14,20.322,110.135,20.332,110.145,70
279,20.327,110.15,20.322,110.145,20.332,110.155,36
280,20.327,110.16,20.322,110.155,20.332,110.165,37
281,20.327,110.17,20.322,110.165,20.332,110.175,12
282,20.327,110.18,20.322,110.175,20.332,110.185,50
283,20.327,110.19,20.322,110.185,20.332,110.195,19
284,20.327,110.2,20.322,110.195,20.332,110.205,68
285,20.327,110.21,20.322,110.205,20.332,110.215,80
286,20.327,110.22,20.322,110.215,20.332,110.225,65
287,20.327,110.23,20.322,110.225,20.332,110.235,63
288,20.327,110.24,20.322,110.235,20.332,110.245,11
289,20.327,110.25,20.322,110.245,20.332,110.255,40
290,20.327,110.26,20.322,110.255,20.332,110.265,34
291,20.327,110.27,20.322,110.265,20.332,110.275,52
292,20.327,110.28,20.322,110.275,20.332,110.285,68
293,20.327,110.29,20.322,110.285,20.332,110.295,17
294,20.327,110.3,20.322,110.295,20.332,110.305,80
295,20.327,110.31,20.322,110.305,20.332,110.315,66
296,20.327,110.32,20.322,110.315,20.332,110.325,26
297,20.327,110.33,20.322,110.325,20.332,110.335,16
298,20.327,110.34,20.322,110.335,20.332,110.345,38
299,20.327,110.35,20.322,110.345,20.332,110.355,76
300,20.327,110.36,20.322,110.355,20.332,110.365,19
301,20.327,110.37,20.322,110.365,20.332,110.375,41
302,20.327,110.38,20.322,110.375,20.332,110.385,21
303,20.327,110.39,20.322,110.385,20.332,110.395,65
304,20.327,110.4,20.322,110.395,20.332,110.405,3
305,20.327,110.41,20.322,110.405,20.332,110.415,69
306,20.327,110.42,20.322,110.415,20.332,110.425,5
307,20.327,110.43,20.322,110.425,20.332,110.435,3
308,20.337,109.93,20.332,109.925,20.342,109.935,23
309,20.337,109.94,20.332,109.935,20.342,109.945,46
310,20.337,109.95,20.332,109.945,20.342,109.955,9
311,20.337,109.96,20.332,109.955,20.342,109.965,13
312,20.337,109.97,20.332,109.965,20.342,109.975,1
313,20.337,109.98,20.332,109.975,20.342,109.985,8
314,20.337,109.99,20.332,109.985,20.342,109.995,76
315,20.337,110,20.332,109.995,20.342,110.005,35
316,20.337,110.01,20.332,110.005,20.342,110.015,70
317,20.337,110.02,20.332,110.015,20.342,110.025,3
318,20.337,110.03,20.332,110.025,20.342,110.035,76
319,20.337,110.04,20.332,110.035,20.342,110.045,26
320,20.337,110.05,20.332,110.045,20.342,110.055,78
321,20.337,110.06,20.332,110.055,20.342,110.065,31
322,20.337,110.07,20.332,110.065,20.342,110.075,38
323,20.337,110.08,20.332,110.075,20.342,110.085,24
324,20.337,110.09,20.332,110.085,20.342,110.095,14
325,20.337,110.1,20.332,110.095,20.342,110.105,76
326,20.337,110.11,20.332,110.105,20.342,110.115,45
327,20.337,110.12,20.332,110.115,20.342,110.125,13
328,20.337,110.13,20.332,110.125,20.342,110.135,75
329,20.337,110.14,20.332,110.135,20.342,110.145,1
330,20.337,110.15,20.332,110.145,20.342,110.155,13
331,20.337,110.16,20.332,110.155,20.342,110.165,50
332,20.337,110.17,20.332,110.165,20.342,110.175,65
333,20.337,110.18,20.332,110.175,20.342,110.185,76
334,20.337,110.19,20.332,110.185,20.342,110.195,69
335,20.337,110.2,20.332,110.195,20.342,110.205,53
336,20.337,110.21,20.332,110.205,20.342,110.215,40
337,20.337,110.22,20.332,110.215,20.342,110.225,46
338,20.337,110.23,20.332,110.225,20.342,110.235,52
339,20.337,110.24,20.332,110.235,20.342,110.245,64
340,20.337,110.25,20.332,110.245,20.342,110.255,79
341,20.337,110.26,20.332,110.255,20.342,110.265,61
342,20.337,110.27,20.332,110.265,20.342,110.275,20
343,20.337,110.28,20.332,110.275,20.342,110.285,64
344,20.337,110.29,20.332,110.285,20.342,110.295,15
345,20.337,110.3,20.332,110.295,20.342,110.305,31
346,20.337,110.31,20.332,110.305,20.342,110.315,49
347,20.337,110.32,20.332,110.315,20.342,110.325,54
348,20.337,110.33,20.332,110.325,20.342,110.335,59
349,20.337,110.34,20.332,110.335,20.342,110.345,53
350,20.337,110.35,20.332,110.345,20.342,110.355,59
351,20.337,110.36,20.332,110.355,20.342,110.365,61
352,20.337,110.37,20.332,110.365,20.342,110.375,12
353,20.337,110.38,20.332,110.375,20.342,110.385,72
354,20.337,110.39,20.332,110.385,20.342,110.395,60
355,20.337,110.4,20.332,110.395,20.342,110.405,53
356,20.337,110.41,20.332,110.405,20.342,110.415,12
357,20.337,110.42,20.332,110.415,20.342,110.425,72
358,20.337,110.43,20.332,110.425,20.342,110.435,56
359,20.337,110.44,20.332,110.435,20.342,110.445,33
360,20.347,109.92,20.342,109.915,20.352,109.925,49
361,20.347,109.93,20.342,109.925,20.352,109.935,59
362,20.347,109.94,20.342,109.935,20.352,109.945,16
363,20.347,109.95,20.342,109.945,20.352,109.955,40
364,20.347,109.96,20.342,109.955,20.352,109.965,33
365,20.347,109.97,20.342,109.965,20.352,109.975,77
366,20.347,109.98,20.342,109.975,20.352,109.985,16
367,20.347,109.99,20.342,109.985,20.352,109.995,67
368,20.347,110,20.342,109.995,20.352,110.005,16
369,20.347,110.01,20.342,110.005,20.352,110.015,19
370,20.347,110.02,20.342,110.015,20.352,110.025,55
371,20.347,110.03,20.342,110.025,20.352,110.035,31
372,20.347,110.04,20.342,110.035,20.352,110.045,3
373,20.347,110.05,20.342,110.045,20.352,110.055,21
374,20.347,110.06,20.342,110.055,20.352,110.065,77
375,20.347,110.07,20.342,110.065,20.352,110.075,19
376,20.347,110.08,20.342,110.075,20.352,110.085,80
377,20.347,110.09,20.342,110.085,20.352,110.095,54
378,20.347,110.1,20.342,110.095,20.352,110.105,22
379,20.347,110.11,20.342,110.105,20.352,110.115,46
380,20.347,110.12,20.342,110.115,20.352,110.125,64
381,20.347,110.13,20.342,110.125,20.352,110.135,47
382,20.347,110.14,20.342,110.135,20.352,110.145,21
383,20.347,110.15,20.342,110.145,20.352,110.155,10
384,20.347,110.16,20.342,110.155,20.352,110.165,59
385,20.347,110.17,20.342,110.165,20.352,110.175,75
386,20.347,110.18,20.342,110.175,20.352,110.185,67
387,20.347,110.19,20.342,110.185,20.352,110.195,50
388,20.347,110.2,20.342,110.195,20.352,110.205,57
389,20.347,110.21,20.342,110.205,20.352,110.215,76
390,20.347,110.22,20.342,110.215,20.352,110.225,7
391,20.347,110.23,20.342,110.225,20.352,110.235,66
392,20.347,110.24,20.342,110.235,20.352,110.245,15
393,20.347,110.25,20.342,110.245,20.352,110.255,51
394,20.347,110.26,20.342,110.255,20.352,110.265,41
395,20.347,110.27,20.342,110.265,20.352,110.275,55
396,20.347,110.28,20.342,110.275,20.352,110.285,43
397,20.347,110.29,20.342,110.285,20.352,110.295,33
398,20.347,110.3,20.342,110.295,20.352,110.305,62
399,20.347,110.31,20.342,110.305,20.352,110.315,42
400,20.347,110.32,20.342,110.315,20.352,110.325,24
401,20.347,110.33,20.342,110.325,20.352,110.335,67
402,20.347,110.34,20.342,110.335,20.352,110.345,79
403,20.347,110.35,20.342,110.345,20.352,110.355,46
404,20.347,110.36,20.342,110.355,20.352,110.365,17
405,20.347,110.37,20.342,110.365,20.352,110.375,68
406,20.347,110.38,20.342,110.375,20.352,110.385,27
407,20.347,110.39,20.342,110.385,20.352,110.395,39
408,20.347,110.4,20.342,110.395,20.352,110.405,69
409,20.347,110.41,20.342,110.405,20.352,110.415,75
410,20.347,110.42,20.342,110.415,20.352,110.425,46
411,20.347,110.43,20.342,110.425,20.352,110.435,8
412,20.347,110.44,20.342,110.435,20.352,110.445,36
413,20.347,110.57,20.342,110.565,20.352,110.575,38
414,20.357,109.91,20.352,109.905,20.362,109.915,74
415,20.357,109.92,20.352,109.915,20.362,109.925,46
416,20.357,109.93,20.352,109.925,20.362,109.935,56
417,20.357,109.94,20.352,109.935,20.362,109.945,18
418,20.357,109.95,20.352,109.945,20.362,109.955,62
419,20.357,109.96,20.352,109.955,20.362,109.965,23
420,20.357,109.97,20.352,109.965,20.362,109.975,34
421,20.357,109.98,20.352,109.975,20.362,109.985,69
422,20.357,109.99,20.352,109.985,20.362,109.995,70
423,20.357,110,20.352,109.995,20.362,110.005,68
424,20.357,110.01,20.352,110.005,20.362,110.015,42
425,20.357,110.02,20.352,110.015,20.362,110.025,5
426,20.357,110.03,20.352,110.025,20.362,110.035,10
427,20.357,110.04,20.352,110.035,20.362,110.045,31
428,20.357,110.05,20.352,110.045,20.362,110.055,37
429,20.357,110.06,20.352,110.055,20.362,110.065,10
430,20.357,110.07,20.352,110.065,20.362,110.075,24
431,20.357,110.08,20.352,110.075,20.362,110.085,16
432,20.357,110.09,20.352,110.085,20.362,110.095,38
433,20.357,110.1,20.352,110.095,20.362,110.105,5
434,20.357,110.11,20.352,110.105,20.362,110.115,76
435,20.357,110.12,20.352,110.115,20.362,110.125,17
436,20.357,110.13,20.352,110.125,20.362,110.135,42
437,20.357,110.14,20.352,110.135,20.362,110.145,9
438,20.357,110.15,20.352,110.145,20.362,110.155,71
439,20.357,110.16,20.352,110.155,20.362,110.165,12
440,20.357,110.17,20.352,110.165,20.362,110.175,32
441,20.357,110.18,20.352,110.175,20.362,110.185,56
442,20.357,110.19,20.352,110.185,20.362,110.195,63
443,20.357,110.2,20.352,110.195,20.362,110.205,4
444,20.357,110.21,20.352,110.205,20.362,110.215,60
445,20.357,110.22,20.352,110.215,20.362,110.225,22
446,20.357,110.23,20.352,110.225,20.362,110.235,73
447,20.357,110.24,20.352,110.235,20.362,110.245,20
448,20.357,110.25,20.352,110.245,20.362,110.255,69
449,20.357,110.26,20.352,110.255,20.362,110.265,10
450,20.357,110.27,20.352,110.265,20.362,110.275,32
451,20.357,110.28,20.352,110.275,20.362,110.285,19
452,20.357,110.29,20.352,110.285,20.362,110.295,55
453,20.357,110.3,20.352,110.295,20.362,110.305,54
454,20.357,110.31,20.352,110.305,20.362,110.315,12
455,20.357,110.32,20.352,110.315,20.362,110.325,12
456,20.357,110.33,20.352,110.325,20.362,110.335,9
457,20.357,110.34,20.352,110.335,20.362,110.345,73
458,20.357,110.35,20.352,110.345,20.362,110.355,12
459,20.357,110.36,20.352,110.355,20.362,110.365,40
460,20.357,110.37,20.352,110.365,20.362,110.375,5
461,20.357,110.38,20.352,110.375,20.362,110.385,49
462,20.357,110.39,20.352,110.385,20.362,110.395,45
463,20.357,110.4,20.352,110.395,20.362,110.405,31
464,20.357,110.41,20.352,110.405,20.362,110.415,10
465,20.357,110.42,20.352,110.415,20.362,110.425,70
466,20.357,110.43,20.352,110.425,20.362,110.435,62
467,20.357,110.44,20.352,110.435,20.362,110.445,77
468,20.357,110.45,20.352,110.445,20.362,110.455,36
469,20.357,110.58,20.352,110.575,20.362,110.585,52
470,20.367,109.89,20.362,109.885,20.372,109.895,42
471,20.367,109.9,20.362,109.895,20.372,109.905,54
472,20.367,109.91,20.362,109.905,20.372,109.915,71
473,20.367,109.92,20.362,109.915,20.372,109.925,79
474,20.367,109.93,20.362,109.925,20.372,109.935,35
475,20.367,109.94,20.362,109.935,20.372,109.945,26
476,20.367,109.95,20.362,109.945,20.372,109.955,71
477,20.367,109.96,20.362,109.955,20.372,109.965,37
478,20.367,109.97,20.362,109.965,20.372,109.975,42
479,20.367,109.99,20.362,109.985,20.372,109.995,48
480,20.367,110,20.362,109.995,20.372,110.005,34
481,20.367,110.01,20.362,110.005,20.372,110.015,16
482,20.367,110.02,20.362,110.015,20.372,110.025,12
483,20.367,110.03,20.362,110.025,20.372,110.035,10
484,20.367,110.04,20.362,110.035,20.372,110.045,60
485,20.367,110.05,20.362,110.045,20.372,110.055,18
486,20.367,110.06,20.362,110.055,20.372,110.065,21
487,20.367,110.07,20.362,110.065,20.372,110.075,46
488,20.367,110.08,20.362,110.075,20.372,110.085,56
489,20.367,110.09,20.362,110.085,20.372,110.095,58
490,20.367,110.1,20.362,110.095,20.372,110.105,42
491,20.367,110.11,20.362,110.105,20.372,110.115,9
492,20.367,110.12,20.362,110.115,20.372,110.125,28
493,20.367,110.13,20.362,110.125,20.372,110.135,38
494,20.367,110.14,20.362,110.135,20.372,110.145,41
495,20.367,110.15,20.362,110.145,20.372,110.155,62
496,20.367,110.16,20.362,110.155,20.372,110.165,42
497,20.367,110.17,20.362,110.165,20.372,110.175,12
498,20.367,110.18,20.362,110.175,20.372,110.185,13
499,20.367,110.19,20.362,110.185,20.372,110.195,53
500,20.367,110.2,20.362,110.195,20.372,110.205,63
501,20.367,110.21,20.362,110.205,20.372,110.215,22
502,20.367,110.22,20.362,110.215,20.372,110.225,61
503,20.367,110.23,20.362,110.225,20.372,110.235,42
504,20.367,110.24,20.362,110.235,20.372,110.245,27
505,20.367,110.25,20.362,110.245,20.372,110.255,43
506,20.367,110.26,20.362,110.255,20.372,110.265,78
507,20.367,110.27,20.362,110.265,20.372,110.275,13
508,20.367,110.28,20.362,110.275,20.372,110.285,1
509,20.367,110.29,20.362,110.285,20.372,110.295,41
510,20.367,110.3,20.362,110.295,20.372,110.305,52
511,20.367,110.31,20.362,110.305,20.372,110.315,52
512,20.367,110.32,20.362,110.315,20.372,110.325,62
513,20.367,110.33,20.362,110.325,20.372,110.335,46
514,20.367,110.34,20.362,110.335,20.372,110.345,56
515,20.367,110.35,20.362,110.345,20.372,110.355,49
516,20.367,110.36,20.362,110.355,20.372,110.365,35
517,20.367,110.37,20.362,110.365,20.372,110.375,68
518,20.367,110.38,20.362,110.375,20.372,110.385,78
519,20.367,110.39,20.362,110.385,20.372,110.395,22
520,20.367,110.4,20.362,110.395,20.372,110.405,25
521,20.367,110.41,20.362,110.405,20.372,110.415,70
522,20.367,110.42,20.362,110.415,20.372,110.425,50
523,20.367,110.43,20.362,110.425,20.372,110.435,15
524,20.367,110.44,20.362,110.435,20.372,110.445,19
525,20.367,110.45,20.362,110.445,20.372,110.455,56
526,20.367,110.46,20.362,110.455,20.372,110.465,55
527,20.367,110.58,20.362,110.575,20.372,110.585,78
528,20.367,110.59,20.362,110.585,20.372,110.595,25
529,20.377,109.88,20.372,109.875,20.382,109.885,39
530,20.377,109.89,20.372,109.885,20.382,109.895,44
531,20.377,109.9,20.372,109.895,20.382,109.905,2
532,20.377,109.91,20.372,109.905,20.382,109.915,71
533,20.377,109.92,20.372,109.915,20.382,109.925,61
534,20.377,109.93,20.372,109.925,20.382,109.935,70
535,20.377,109.94,20.372,109.935,20.382,109.945,36
536,20.377,109.95,20.372,109.945,20.382,109.955,47
537,20.377,109.96,20.372,109.955,20.382,109.965,67
538,20.377,109.97,20.372,109.965,20.382,109.975,43
539,20.377,109.99,20.372,109.985,20.382,109.995,46
540,20.377,110,20.372,109.995,20.382,110.005,62
541,20.377,110.01,20.372,110.005,20.382,110.015,58
542,20.377,110.02,20.372,110.015,20.382,110.025,42
543,20.377,110.03,20.372,110.025,20.382,110.035,43
544,20.377,110.04,20.372,110.035,20.382,110.045,28
545,20.377,110.05,20.372,110.045,20.382,110.055,65
546,20.377,110.06,20.372,110.055,20.382,110.065,71
547,20.377,110.07,20.372,110.065,20.382,110.075,10
548,20.377,110.08,20.372,110.075,20.382,110.085,28
549,20.377,110.09,20.372,110.085,20.382,110.095,24
550,20.377,110.1,20.372,110.095,20.382,110.105,78
551,20.377,110.11,20.372,110.105,20.382,110.115,67
552,20.377,110.12,20.372,110.115,20.382,110.125,74
553,20.377,110.13,20.372,110.125,20.382,110.135,5
554,20.377,110.14,20.372,110.135,20.382,110.145,22
555,20.377,110.15,20.372,110.145,20.382,110.155,60
556,20.377,110.16,20.372,110.155,20.382,110.165,4
557,20.377,110.17,20.372,110.165,20.382,110.175,79
558,20.377,110.18,20.372,110.175,20.382,110.185,13
559,20.377,110.19,20.372,110.185,20.382,110.195,2
560,20.377,110.2,20.372,110.195,20.382,110.205,68
561,20.377,110.21,20.372,110.205,20.382,110.215,69
562,20.377,110.22,20.372,110.215,20.382,110.225,59
563,20.377,110.23,20.372,110.225,20.382,110.235,16
564,20.377,110.24,20.372,110.235,20.382,110.245,0
565,20.377,110.25,20.372,110.245,20.382,110.255,71
566,20.377,110.26,20.372,110.255,20.382,110.265,66
567,20.377,110.27,20.372,110.265,20.382,110.275,33
568,20.377,110.28,20.372,110.275,20.382,110.285,5
569,20.377,110.29,20.372,110.285,20.382,110.295,64
570,20.377,110.3,20.372,110.295,20.382,110.305,30
571,20.377,110.31,20.372,110.305,20.382,110.315,59
572,20.377,110.32,20.372,110.315,20.382,110.325,44
573,20.377,110.33,20.372,110.325,20.382,110.335,2
574,20.377,110.34,20.372,110.335,20.382,110.345,69
575,20.377,110.35,20.372,110.345,20.382,110.355,78
576,20.377,110.36,20.372,110.355,20.382,110.365,72
577,20.377,110.37,20.372,110.365,20.382,110.375,29
578,20.377,110.38,20.372,110.375,20.382,110.385,28
579,20.377,110.39,20.372,110.385,20.382,110.395,33
580,20.377,110.4,20.372,110.395,20.382,110.405,58
581,20.377,110.41,20.372,110.405,20.382,110.415,50
582,20.377,110.42,20.372,110.415,20.382,110.425,42
583,20.377,110.43,20.372,110.425,20.382,110.435,39
584,20.377,110.44,20.372,110.435,20.382,110.445,64
585,20.377,110.45,20.372,110.445,20.382,110.455,55
586,20.377,110.46,20.372,110.455,20.382,110.465,24
587,20.387,109.88,20.382,109.875,20.392,109.885,1
588,20.387,109.89,20.382,109.885,20.392,109.895,2
589,20.387,109.9,20.382,109.895,20.392,109.905,3
590,20.387,109.91,20.382,109.905,20.392,109.915,80
591,20.387,109.92,20.382,109.915,20.392,109.925,79
592,20.387,109.93,20.382,109.925,20.392,109.935,77
593,20.387,109.94,20.382,109.935,20.392,109.945,30
594,20.387,109.95,20.382,109.945,20.392,109.955,46
595,20.387,109.96,20.382,109.955,20.392,109.965,39
596,20.387,110,20.382,109.995,20.392,110.005,51
597,20.387,110.01,20.382,110.005,20.392,110.015,63
598,20.387,110.02,20.382,110.015,20.392,110.025,39
599,20.387,110.03,20.382,110.025,20.392,110.035,62
600,20.387,110.04,20.382,110.035,20.392,110.045,16
601,20.387,110.05,20.382,110.045,20.392,110.055,25
602,20.387,110.06,20.382,110.055,20.392,110.065,28
603,20.387,110.07,20.382,110.065,20.392,110.075,13
604,20.387,110.08,20.382,110.075,20.392,110.085,80
605,20.387,110.09,20.382,110.085,20.392,110.095,17
606,20.387,110.1,20.382,110.095,20.392,110.105,72
607,20.387,110.11,20.382,110.105,20.392,110.115,64
608,20.387,110.12,20.382,110.115,20.392,110.125,23
609,20.387,110.13,20.382,110.125,20.392,110.135,39
610,20.387,110.14,20.382,110.135,20.392,110.145,69
611,20.387,110.15,20.382,110.145,20.392,110.155,59
612,20.387,110.16,20.382,110.155,20.392,110.165,44
613,20.387,110.17,20.382,110.165,20.392,110.175,37
614,20.387,110.18,20.382,110.175,20.392,110.185,0
615,20.387,110.19,20.382,110.185,20.392,110.195,26
616,20.387,110.2,20.382,110.195,20.392,110.205,75
617,20.387,110.21,20.382,110.205,20.392,110.215,59
618,20.387,110.22,20.382,110.215,20.392,110.225,17
619,20.387,110.23,20.382,110.225,20.392,110.235,76
620,20.387,110.24,20.382,110.235,20.392,110.245,65
621,20.387,110.25,20.382,110.245,20.392,110.255,11
622,20.387,110.26,20.382,110.255,20.392,110.265,51
623,20.387,110.27,20.382,110.265,20.392,110.275,79
624,20.387,110.28,20.382,110.275,20.392,110.285,57
625,20.387,110.29,20.382,110.285,20.392,110.295,72
626,20.387,110.3,20.382,110.295,20.392,110.305,15
627,20.387,110.31,20.382,110.305,20.392,110.315,51
628,20.387,110.32,20.382,110.315,20.392,110.325,34
629,20.387,110.33,20.382,110.325,20.392,110.335,2
630,20.387,110.34,20.382,110.335,20.392,110.345,78
631,20.387,110.35,20.382,110.345,20.392,110.355,20
632,20.387,110.36,20.382,110.355,20.392,110.365,32
633,20.387,110.37,20.382,110.365,20.392,110.375,31
634,20.387,110.38,20.382,110.375,20.392,110.385,28
635,20.387,110.39,20.382,110.385,20.392,110.395,41
636,20.387,110.4,20.382,110.395,20.392,110.405,78
637,20.387,110.41,20.382,110.405,20.392,110.415,62
638,20.387,110.42,20.382,110.415,20.392,110.425,72
639,20.387,110.43,20.382,110.425,20.392,110.435,70
640,20.387,110.44,20.382,110.435,20.392,110.445,11
641,20.387,110.45,20.382,110.445,20.392,110.455,26
642,20.387,110.46,20.382,110.455,20.392,110.465,54
643,20.387,110.47,20.382,110.465,20.392,110.475,11
644,20.397,109.88,20.392,109.875,20.402,109.885,24
645,20.397,109.89,20.392,109.885,20.402,109.895,55
646,20.397,109.9,20.392,109.895,20.402,109.905,74
647,20.397,109.91,20.392,109.905,20.402,109.915,12
648,20.397,109.92,20.392,109.915,20.402,109.925,3
649,20.397,109.93,20.392,109.925,20.402,109.935,12
650,20.397,109.94,20.392,109.935,20.402,109.945,40
651,20.397,109.95,20.392,109.945,20.402,109.955,16
652,20.397,109.96,20.392,109.955,20.402,109.965,66
653,20.397,109.97,20.392,109.965,20.402,109.975,62
654,20.397,110.01,20.392,110.005,20.402,110.015,63
655,20.397,110.02,20.392,110.015,20.402,110.025,77
656,20.397,110.03,20.392,110.025,20.402,110.035,61
657,20.397,110.04,20.392,110.035,20.402,110.045,46
658,20.397,110.05,20.392,110.045,20.402,110.055,37
659,20.397,110.06,20.392,110.055,20.402,110.065,8
660,20.397,110.07,20.392,110.065,20.402,110.075,79
661,20.397,110.08,20.392,110.075,20.402,110.085,63
662,20.397,110.09,20.392,110.085,20.402,110.095,44
663,20.397,110.1,20.392,110.095,20.402,110.105,14
664,20.397,110.11,20.392,110.105,20.402,110.115,80
665,20.397,110.12,20.392,110.115,20.402,110.125,3
666,20.397,110.13,20.392,110.125,20.402,110.135,5
667,20.397,110.14,20.392,110.135,20.402,110.145,67
668,20.397,110.15,20.392,110.145,20.402,110.155,20
669,20.397,110.16,20.392,110.155,20.402,110.165,52
670,20.397,110.17,20.392,110.165,20.402,110.175,36
671,20.397,110.18,20.392,110.175,20.402,110.185,35
672,20.397,110.19,20.392,110.185,20.402,110.195,71
673,20.397,110.2,20.392,110.195,20.402,110.205,57
674,20.397,110.21,20.392,110.205,20.402,110.215,64
675,20.397,110.22,20.392,110.215,20.402,110.225,28
676,20.397,110.23,20.392,110.225,20.402,110.235,6
677,20.397,110.24,20.392,110.235,20.402,110.245,72
678,20.397,110.25,20.392,110.245,20.402,110.255,70
679,20.397,110.26,20.392,110.255,20.402,110.265,37
680,20.397,110.27,20.392,110.265,20.402,110.275,38
681,20.397,110.28,20.392,110.275,20.402,110.285,42
682,20.397,110.29,20.392,110.285,20.402,110.295,32
683,20.397,110.3,20.392,110.295,20.402,110.305,55
684,20.397,110.31,20.392,110.305,20.402,110.315,38
685,20.397,110.32,20.392,110.315,20.402,110.325,14
686,20.397,110.33,20.392,110.325,20.402,110.335,79
687,20.397,110.34,20.392,110.335,20.402,110.345,52
688,20.397,110.35,20.392,110.345,20.402,110.355,37
689,20.397,110.36,20.392,110.355,20.402,110.365,30
690,20.397,110.37,20.392,110.365,20.402,110.375,53
691,20.397,110.38,20.392,110.375,20.402,110.385,52
692,20.397,110.39,20.392,110.385,20.402,110.395,23
693,20.397,110.4,20.392,110.395,20.402,110.405,44
694,20.397,110.41,20.392,110.405,20.402,110.415,32
695,20.397,110.42,20.392,110.415,20.402,110.425,59
696,20.397,110.43,20.392,110.425,20.402,110.435,50
697,20.397,110.44,20.392,110.435,20.402,110.445,35
698,20.397,110.45,20.392,110.445,20.402,110.455,29
699,20.397,110.46,20.392,110.455,20.402,110.465,13
700,20.397,110.47,20.392,110.465,20.402,110.475,62
701,20.407,109.87,20.402,109.865,20.412,109.875,46
702,20.407,109.9,20.402,109.895,20.412,109.905,29
703,20.407,109.91,20.402,109.905,20.412,109.915,16
704,20.407,109.92,20.402,109.915,20.412,109.925,78
705,20.407,109.93,20.402,109.925,20.412,109.935,30
706,20.407,109.94,20.402,109.935,20.412,109.945,64
707,20.407,110.02,20.402,110.015,20.412,110.025,36
708,20.407,110.03,20.402,110.025,20.412,110.035,4
709,20.407,110.04,20.402,110.035,20.412,110.045,52
710,20.407,110.05,20.402,110.045,20.412,110.055,72
711,20.407,110.06,20.402,110.055,20.412,110.065,76
712,20.407,110.07,20.402,110.065,20.412,110.075,43
713,20.407,110.08,20.402,110.075,20.412,110.085,61
714,20.407,110.09,20.402,110.085,20.412,110.095,8
715,20.407,110.1,20.402,110.095,20.412,110.105,71
716,20.407,110.11,20.402,110.105,20.412,110.115,79
717,20.407,110.12,20.402,110.115,20.412,110.125,50
718,20.407,110.13,20.402,110.125,20.412,110.135,7
719,20.407,110.14,20.402,110.135,20.412,110.145,57
720,20.407,110.15,20.402,110.145,20.412,110.155,41
721,20.407,110.16,20.402,110.155,20.412,110.165,51
722,20.407,110.17,20.402,110.165,20.412,110.175,69
723,20.407,110.18,20.402,110.175,20.412,110.185,17
724,20.407,110.19,20.402,110.185,20.412,110.195,13
725,20.407,110.2,20.402,110.195,20.412,110.205,76
726,20.407,110.21,20.402,110.205,20.412,110.215,26
727,20.407,110.22,20.402,110.215,20.412,110.225,24
728,20.407,110.23,20.402,110.225,20.412,110.235,49
729,20.407,110.24,20.402,110.235,20.412,110.245,26
730,20.407,110.25,20.402,110.245,20.412,110.255,45
731,20.407,110.26,20.402,110.255,20.412,110.265,54
732,20.407,110.27,20.402,110.265,20.412,110.275,1
733,20.407,110.28,20.402,110.275,20.412,110.285,70
734,20.407,110.29,20.402,110.285,20.412,110.295,7
735,20.407,110.3,20.402,110.295,20.412,110.305,74
736,20.407,110.31,20.402,110.305,20.412,110.315,47
737,20.407,110.32,20.402,110.315,20.412,110.325,3
738,20.407,110.33,20.402,110.325,20.412,110.335,69
739,20.407,110.34,20.402,110.335,20.412,110.345,13
740,20.407,110.35,20.402,110.345,20.412,110.355,3
741,20.407,110.36,20.402,110.355,20.412,110.365,27
742,20.407,110.37,20.402,110.365,20.412,110.375,72
743,20.407,110.38,20.402,110.375,20.412,110.385,1
744,20.407,110.39,20.402,110.385,20.412,110.395,64
745,20.407,110.4,20.402,110.395,20.412,110.405,13
746,20.407,110.41,20.402,110.405,20.412,110.415,77
747,20.407,110.42,20.402,110.415,20.412,110.425,21
748,20.407,110.43,20.402,110.425,20.412,110.435,56
749,20.407,110.44,20.402,110.435,20.412,110.445,3
750,20.407,110.45,20.402,110.445,20.412,110.455,80
751,20.407,110.46,20.402,110.455,20.412,110.465,24
752,20.407,110.47,20.402,110.465,20.412,110.475,2
753,20.407,110.48,20.402,110.475,20.412,110.485,63
754,20.417,109.9,20.412,109.895,20.422,109.905,63
755,20.417,109.91,20.412,109.905,20.422,109.915,54
756,20.417,109.92,20.412,109.915,20.422,109.925,23
757,20.417,109.93,20.412,109.925,20.422,109.935,58
758,20.417,110.02,20.412,110.015,20.422,110.025,76
759,20.417,110.03,20.412,110.025,20.422,110.035,8
760,20.417,110.04,20.412,110.035,20.422,110.045,44
761,20.417,110.05,20.412,110.045,20.422,110.055,48
762,20.417,110.06,20.412,110.055,20.422,110.065,46
763,20.417,110.07,20.412,110.065,20.422,110.075,56
764,20.417,110.08,20.412,110.075,20.422,110.085,75
765,20.417,110.09,20.412,110.085,20.422,110.095,64
766,20.417,110.1,20.412,110.095,20.422,110.105,66
767,20.417,110.11,20.412,110.105,20.422,110.115,65
768,20.417,110.12,20.412,110.115,20.422,110.125,80
769,20.417,110.13,20.412,110.125,20.422,110.135,45
770,20.417,110.14,20.412,110.135,20.422,110.145,33
771,20.417,110.15,20.412,110.145,20.422,110.155,72
772,20.417,110.16,20.412,110.155,20.422,110.165,75
773,20.417,110.17,20.412,110.165,20.422,110.175,64
774,20.417,110.18,20.412,110.175,20.422,110.185,17
775,20.417,110.19,20.412,110.185,20.422,110.195,20
776,20.417,110.2,20.412,110.195,20.422,110.205,4
777,20.417,110.21,20.412,110.205,20.422,110.215,57
778,20.417,110.22,20.412,110.215,20.422,110.225,15
779,20.417,110.23,20.412,110.225,20.422,110.235,50
780,20.417,110.24,20.412,110.235,20.422,110.245,29
781,20.417,110.25,20.412,110.245,20.422,110.255,15
782,20.417,110.26,20.412,110.255,20.422,110.265,11
783,20.417,110.27,20.412,110.265,20.422,110.275,32
784,20.417,110.28,20.412,110.275,20.422,110.285,77
785,20.417,110.29,20.412,110.285,20.422,110.295,17
786,20.417,110.3,20.412,110.295,20.422,110.305,80
787,20.417,110.31,20.412,110.305,20.422,110.315,14
788,20.417,110.32,20.412,110.315,20.422,110.325,44
789,20.417,110.33,20.412,110.325,20.422,110.335,67
790,20.417,110.34,20.412,110.335,20.422,110.345,12
791,20.417,110.35,20.412,110.345,20.422,110.355,60
792,20.417,110.36,20.412,110.355,20.422,110.365,6
793,20.417,110.37,20.412,110.365,20.422,110.375,36
794,20.417,110.38,20.412,110.375,20.422,110.385,73
795,20.417,110.39,20.412,110.385,20.422,110.395,48
796,20.417,110.4,20.412,110.395,20.422,110.405,15
797,20.417,110.41,20.412,110.405,20.422,110.415,25
798,20.417,110.42,20.412,110.415,20.422,110.425,45
799,20.417,110.43,20.412,110.425,20.422,110.435,74
800,20.417,110.44,20.412,110.435,20.422,110.445,1
801,20.417,110.45,20.412,110.445,20.422,110.455,17
802,20.417,110.46,20.412,110.455,20.422,110.465,19
803,20.417,110.47,20.412,110.465,20.422,110.475,34
804,20.417,110.48,20.412,110.475,20.422,110.485,21
805,20.417,110.49,20.412,110.485,20.422,110.495,58
806,20.417,110.5,20.412,110.495,20.422,110.505,1
807,20.427,109.91,20.422,109.905,20.432,109.915,49
808,20.427,110.02,20.422,110.015,20.432,110.025,58
809,20.427,110.03,20.422,110.025,20.432,110.035,24
810,20.427,110.04,20.422,110.035,20.432,110.045,28
811,20.427,110.05,20.422,110.045,20.432,110.055,63
812,20.427,110.06,20.422,110.055,20.432,110.065,64
813,20.427,110.07,20.422,110.065,20.432,110.075,12
814,20.427,110.08,20.422,110.075,20.432,110.085,62
815,20.427,110.09,20.422,110.085,20.432,110.095,5
816,20.427,110.1,20.422,110.095,20.432,110.105,16
817,20.427,110.11,20.422,110.105,20.432,110.115,57
818,20.427,110.12,20.422,110.115,20.432,110.125,30
819,20.427,110.13,20.422,110.125,20.432,110.135,26
820,20.427,110.14,20.422,110.135,20.432,110.145,47
821,20.427,110.15,20.422,110.145,20.432,110.155,59
822,20.427,110.16,20.422,110.155,20.432,110.165,74
823,20.427,110.17,20.422,110.165,20.432,110.175,32
824,20.427,110.18,20.422,110.175,20.432,110.185,60
825,20.427,110.19,20.422,110.185,20.432,110.195,50
826,20.427,110.2,20.422,110.195,20.432,110.205,17
827,20.427,110.21,20.422,110.205,20.432,110.215,16
828,20.427,110.22,20.422,110.215,20.432,110.225,74
829,20.427,110.23,20.422,110.225,20.432,110.235,41
830,20.427,110.24,20.422,110.235,20.432,110.245,49
831,20.427,110.25,20.422,110.245,20.432,110.255,5
832,20.427,110.26,20.422,110.255,20.432,110.265,76
833,20.427,110.27,20.422,110.265,20.432,110.275,2
834,20.427,110.28,20.422,110.275,20.432,110.285,54
835,20.427,110.29,20.422,110.285,20.432,110.295,57
836,20.427,110.3,20.422,110.295,20.432,110.305,62
837,20.427,110.31,20.422,110.305,20.432,110.315,66
838,20.427,110.32,20.422,110.315,20.432,110.325,38
839,20.427,110.33,20.422,110.325,20.432,110.335,68
840,20.427,110.34,20.422,110.335,20.432,110.345,15
841,20.427,110.35,20.422,110.345,20.432,110.355,1
842,20.427,110.36,20.422,110.355,20.432,110.365,36
843,20.427,110.37,20.422,110.365,20.432,110.375,54
844,20.427,110.38,20.422,110.375,20.432,110.385,67
845,20.427,110.39,20.422,110.385,20.432,110.395,13
846,20.427,110.4,20.422,110.395,20.432,110.405,6
847,20.427,110.41,20.422,110.405,20.432,110.415,40
848,20.427,110.42,20.422,110.415,20.432,110.425,70
849,20.427,110.43,20.422,110.425,20.432,110.435,16
850,20.427,110.44,20.422,110.435,20.432,110.445,33
851,20.427,110.45,20.422,110.445,20.432,110.455,68
852,20.427,110.46,20.422,110.455,20.432,110.465,58
853,20.427,110.47,20.422,110.465,20.432,110.475,60
854,20.427,110.48,20.422,110.475,20.432,110.485,3
855,20.427,110.49,20.422,110.485,20.432,110.495,35
856,20.427,110.5,20.422,110.495,20.432,110.505,68
857,20.427,110.51,20.422,110.505,20.432,110.515,52
858,20.437,110.02,20.432,110.015,20.442,110.025,4
859,20.437,110.03,20.432,110.025,20.442,110.035,2
860,20.437,110.04,20.432,110.035,20.442,110.045,71
861,20.437,110.05,20.432,110.045,20.442,110.055,35
862,20.437,110.06,20.432,110.055,20.442,110.065,49
863,20.437,110.07,20.432,110.065,20.442,110.075,31
864,20.437,110.08,20.432,110.075,20.442,110.085,28
865,20.437,110.09,20.432,110.085,20.442,110.095,75
866,20.437,110.1,20.432,110.095,20.442,110.105,42
867,20.437,110.11,20.432,110.105,20.442,110.115,5
868,20.437,110.12,20.432,110.115,20.442,110.125,30
869,20.437,110.13,20.432,110.125,20.442,110.135,37
870,20.437,110.14,20.432,110.135,20.442,110.145,52
871,20.437,110.15,20.432,110.145,20.442,110.155,26
872,20.437,110.16,20.432,110.155,20.442,110.165,46
873,20.437,110.17,20.432,110.165,20.442,110.175,28
874,20.437,110.18,20.432,110.175,20.442,110.185,28
875,20.437,110.19,20.432,110.185,20.442,110.195,62
876,20.437,110.2,20.432,110.195,20.442,110.205,19
877,20.437,110.21,20.432,110.205,20.442,110.215,60
878,20.437,110.22,20.432,110.215,20.442,110.225,32
879,20.437,110.23,20.432,110.225,20.442,110.235,24
880,20.437,110.24,20.432,110.235,20.442,110.245,52
881,20.437,110.25,20.432,110.245,20.442,110.255,68
882,20.437,110.26,20.432,110.255,20.442,110.265,5
883,20.437,110.27,20.432,110.265,20.442,110.275,67
884,20.437,110.28,20.432,110.275,20.442,110.285,52
885,20.437,110.29,20.432,110.285,20.442,110.295,43
886,20.437,110.3,20.432,110.295,20.442,110.305,70
887,20.437,110.31,20.432,110.305,20.442,110.315,39
888,20.437,110.32,20.432,110.315,20.442,110.325,13
889,20.437,110.33,20.432,110.325,20.442,110.335,27
890,20.437,110.34,20.432,110.335,20.442,110.345,57
891,20.437,110.35,20.432,110.345,20.442,110.355,58
892,20.437,110.36,20.432,110.355,20.442,110.365,22
893,20.437,110.37,20.432,110.365,20.442,110.375,23
894,20.437,110.38,20.432,110.375,20.442,110.385,0
895,20.437,110.39,20.432,110.385,20.442,110.395,40
896,20.437,110.4,20.432,110.395,20.442,110.405,5
897,20.437,110.41,20.432,110.405,20.442,110.415,66
898,20.437,110.42,20.432,110.415,20.442,110.425,78
899,20.437,110.43,20.432,110.425,20.442,110.435,49
900,20.437,110.44,20.432,110.435,20.442,110.445,53
901,20.437,110.45,20.432,110.445,20.442,110.455,71
902,20.437,110.46,20.432,110.455,20.442,110.465,72
903,20.437,110.47,20.432,110.465,20.442,110.475,72
904,20.437,110.48,20.432,110.475,20.442,110.485,55
905,20.437,110.49,20.432,110.485,20.442,110.495,80
906,20.437,110.5,20.432,110.495,20.442,110.505,68
907,20.437,110.51,20.432,110.505,20.442,110.515,18
908,20.447,110.09,20.442,110.085,20.452,110.095,2
909,20.447,110.1,20.442,110.095,20.452,110.105,20
910,20.447,110.11,20.442,110.105,20.452,110.115,19
911,20.447,110.12,20.442,110.115,20.452,110.125,29
912,20.447,110.13,20.442,110.125,20.452,110.135,74
913,20.447,110.14,20.442,110.135,20.452,110.145,27
914,20.447,110.15,20.442,110.145,20.452,110.155,60
915,20.447,110.16,20.442,110.155,20.452,110.165,61
916,20.447,110.17,20.442,110.165,20.452,110.175,45
917,20.447,110.18,20.442,110.175,20.452,110.185,8
918,20.447,110.19,20.442,110.185,20.452,110.195,61
919,20.447,110.2,20.442,110.195,20.452,110.205,36
920,20.447,110.21,20.442,110.205,20.452,110.215,14
921,20.447,110.22,20.442,110.215,20.452,110.225,51
922,20.447,110.23,20.442,110.225,20.452,110.235,41
923,20.447,110.24,20.442,110.235,20.452,110.245,76
924,20.447,110.25,20.442,110.245,20.452,110.255,35
925,20.447,110.26,20.442,110.255,20.452,110.265,43
926,20.447,110.27,20.442,110.265,20.452,110.275,30
927,20.447,110.28,20.442,110.275,20.452,110.285,7
928,20.447,110.29,20.442,110.285,20.452,110.295,79
929,20.447,110.3,20.442,110.295,20.452,110.305,35
930,20.447,110.31,20.442,110.305,20.452,110.315,63
931,20.447,110.32,20.442,110.315,20.452,110.325,56
932,20.447,110.33,20.442,110.325,20.452,110.335,0
933,20.447,110.34,20.442,110.335,20.452,110.345,26
934,20.447,110.35,20.442,110.345,20.452,110.355,50
935,20.447,110.36,20.442,110.355,20.452,110.365,67
936,20.447,110.37,20.442,110.365,20.452,110.375,80
937,20.447,110.38,20.442,110.375,20.452,110.385,10
938,20.447,110.39,20.442,110.385,20.452,110.395,28
939,20.447,110.4,20.442,110.395,20.452,110.405,43
940,20.447,110.41,20.442,110.405,20.452,110.415,38
941,20.447,110.42,20.442,110.415,20.452,110.425,76
942,20.447,110.43,20.442,110.425,20.452,110.435,18
943,20.447,110.44,20.442,110.435,20.452,110.445,23
944,20.447,110.45,20.442,110.445,20.452,110.455,64
945,20.447,110.46,20.442,110.455,20.452,110.465,7
946,20.447,110.47,20.442,110.465,20.452,110.475,37
947,20.447,110.48,20.442,110.475,20.452,110.485,20
948,20.447,110.49,20.442,110.485,20.452,110.495,10
949,20.447,110.5,20.442,110.495,20.452,110.505,55
950,20.447,110.51,20.442,110.505,20.452,110.515,6
951,20.447,110.52,20.442,110.515,20.452,110.525,70
952,20.457,110.09,20.452,110.085,20.462,110.095,43
953,20.457,110.1,20.452,110.095,20.462,110.105,8
954,20.457,110.11,20.452,110.105,20.462,110.115,0
955,20.457,110.12,20.452,110.115,20.462,110.125,45
956,20.457,110.13,20.452,110.125,20.462,110.135,7
957,20.457,110.14,20.452,110.135,20.462,110.145,46
958,20.457,110.15,20.452,110.145,20.462,110.155,25
959,20.457,110.16,20.452,110.155,20.462,110.165,69
960,20.457,110.17,20.452,110.165,20.462,110.175,9
961,20.457,110.18,20.452,110.175,20.462,110.185,37
962,20.457,110.19,20.452,110.185,20.462,110.195,8
963,20.457,110.2,20.452,110.195,20.462,110.205,40
964,20.457,110.21,20.452,110.205,20.462,110.215,72
965,20.457,110.22,20.452,110.215,20.462,110.225,10
966,20.457,110.23,20.452,110.225,20.462,110.235,26
967,20.457,110.24,20.452,110.235,20.462,110.245,27
968,20.457,110.25,20.452,110.245,20.462,110.255,64
969,20.457,110.26,20.452,110.255,20.462,110.265,71
970,20.457,110.27,20.452,110.265,20.462,110.275,29
971,20.457,110.28,20.452,110.275,20.462,110.285,44
972,20.457,110.29,20.452,110.285,20.462,110.295,44
973,20.457,110.3,20.452,110.295,20.462,110.305,39
974,20.457,110.31,20.452,110.305,20.462,110.315,42
975,20.457,110.32,20.452,110.315,20.462,110.325,0
976,20.457,110.33,20.452,110.325,20.462,110.335,46
977,20.457,110.34,20.452,110.335,20.462,110.345,60
978,20.457,110.35,20.452,110.345,20.462,110.355,46
979,20.457,110.36,20.452,110.355,20.462,110.365,43
980,20.457,110.37,20.452,110.365,20.462,110.375,69
981,20.457,110.38,20.452,110.375,20.462,110.385,28
982,20.457,110.39,20.452,110.385,20.462,110.395,72
983,20.457,110.4,20.452,110.395,20.462,110.405,6
984,20.457,110.41,20.452,110.405,20.462,110.415,59
985,20.457,110.42,20.452,110.415,20.462,110.425,46
986,20.457,110.43,20.452,110.425,20.462,110.435,7
987,20.457,110.44,20.452,110.435,20.462,110.445,32
988,20.457,110.45,20.452,110.445,20.462,110.455,42
989,20.457,110.46,20.452,110.455,20.462,110.465,60
990,20.457,110.47,20.452,110.465,20.462,110.475,68
991,20.457,110.48,20.452,110.475,20.462,110.485,65
992,20.457,110.49,20.452,110.485,20.462,110.495,30
993,20.457,110.5,20.452,110.495,20.462,110.505,71
994,20.457,110.51,20.452,110.505,20.462,110.515,79
995,20.457,110.52,20.452,110.515,20.462,110.525,54
996,20.467,110.1,20.462,110.095,20.472,110.105,2
997,20.467,110.11,20.462,110.105,20.472,110.115,27
998,20.467,110.12,20.462,110.115,20.472,110.125,64
999,20.467,110.13,20.462,110.125,20.472,110.135,24
1000,20.467,110.14,20.462,110.135,20.472,110.145,19
1001,20.467,110.15,20.462,110.145,20.472,110.155,12
1002,20.467,110.16,20.462,110.155,20.472,110.165,54
1003,20.467,110.17,20.462,110.165,20.472,110.175,3
1004,20.467,110.18,20.462,110.175,20.472,110.185,49
1005,20.467,110.19,20.462,110.185,20.472,110.195,15
1006,20.467,110.2,20.462,110.195,20.472,110.205,5
1007,20.467,110.21,20.462,110.205,20.472,110.215,62
1008,20.467,110.22,20.462,110.215,20.472,110.225,2
1009,20.467,110.23,20.462,110.225,20.472,110.235,12
1010,20.467,110.24,20.462,110.235,20.472,110.245,63
1011,20.467,110.25,20.462,110.245,20.472,110.255,20
1012,20.467,110.26,20.462,110.255,20.472,110.265,37
1013,20.467,110.27,20.462,110.265,20.472,110.275,13
1014,20.467,110.28,20.462,110.275,20.472,110.285,26
1015,20.467,110.29,20.462,110.285,20.472,110.295,13
1016,20.467,110.3,20.462,110.295,20.472,110.305,42
1017,20.467,110.31,20.462,110.305,20.472,110.315,18
1018,20.467,110.32,20.462,110.315,20.472,110.325,74
1019,20.467,110.33,20.462,110.325,20.472,110.335,80
1020,20.467,110.34,20.462,110.335,20.472,110.345,20
1021,20.467,110.35,20.462,110.345,20.472,110.355,77
1022,20.467,110.36,20.462,110.355,20.472,110.365,70
1023,20.467,110.37,20.462,110.365,20.472,110.375,56
1024,20.467,110.38,20.462,110.375,20.472,110.385,69
1025,20.467,110.39,20.462,110.385,20.472,110.395,74
1026,20.467,110.4,20.462,110.395,20.472,110.405,7
1027,20.467,110.41,20.462,110.405,20.472,110.415,28
1028,20.467,110.42,20.462,110.415,20.472,110.425,62
1029,20.467,110.43,20.462,110.425,20.472,110.435,79
1030,20.467,110.44,20.462,110.435,20.472,110.445,79
1031,20.467,110.45,20.462,110.445,20.472,110.455,18
1032,20.467,110.46,20.462,110.455,20.472,110.465,34
1033,20.467,110.47,20.462,110.465,20.472,110.475,31
1034,20.467,110.48,20.462,110.475,20.472,110.485,27
1035,20.467,110.49,20.462,110.485,20.472,110.495,34
1036,20.467,110.5,20.462,110.495,20.472,110.505,49
1037,20.467,110.51,20.462,110.505,20.472,110.515,38
1038,20.467,110.52,20.462,110.515,20.472,110.525,29
1039,20.477,110.1,20.472,110.095,20.482,110.105,60
1040,20.477,110.11,20.472,110.105,20.482,110.115,54
1041,20.477,110.12,20.472,110.115,20.482,110.125,6
1042,20.477,110.13,20.472,110.125,20.482,110.135,37
1043,20.477,110.14,20.472,110.135,20.482,110.145,43
1044,20.477,110.15,20.472,110.145,20.482,110.155,55
1045,20.477,110.16,20.472,110.155,20.482,110.165,59
1046,20.477,110.17,20.472,110.165,20.482,110.175,2
1047,20.477,110.18,20.472,110.175,20.482,110.185,34
1048,20.477,110.19,20.472,110.185,20.482,110.195,8
1049,20.477,110.2,20.472,110.195,20.482,110.205,58
1050,20.477,110.21,20.472,110.205,20.482,110.215,25
1051,20.477,110.22,20.472,110.215,20.482,110.225,31
1052,20.477,110.23,20.472,110.225,20.482,110.235,74
1053,20.477,110.24,20.472,110.235,20.482,110.245,61
1054,20.477,110.25,20.472,110.245,20.482,110.255,33
1055,20.477,110.26,20.472,110.255,20.482,110.265,14
1056,20.477,110.27,20.472,110.265,20.482,110.275,48
1057,20.477,110.28,20.472,110.275,20.482,110.285,9
1058,20.477,110.29,20.472,110.285,20.482,110.295,3
1059,20.477,110.3,20.472,110.295,20.482,110.305,61
1060,20.477,110.31,20.472,110.305,20.482,110.315,12
1061,20.477,110.32,20.472,110.315,20.482,110.325,38
1062,20.477,110.33,20.472,110.325,20.482,110.335,15
1063,20.477,110.34,20.472,110.335,20.482,110.345,71
1064,20.477,110.35,20.472,110.345,20.482,110.355,40
1065,20.477,110.36,20.472,110.355,20.482,110.365,45
1066,20.477,110.37,20.472,110.365,20.482,110.375,42
1067,20.477,110.38,20.472,110.375,20.482,110.385,10
1068,20.477,110.39,20.472,110.385,20.482,110.395,64
1069,20.477,110.4,20.472,110.395,20.482,110.405,44
1070,20.477,110.41,20.472,110.405,20.482,110.415,27
1071,20.477,110.42,20.472,110.415,20.482,110.425,36
1072,20.477,110.43,20.472,110.425,20.482,110.435,69
1073,20.477,110.44,20.472,110.435,20.482,110.445,51
1074,20.477,110.45,20.472,110.445,20.482,110.455,21
1075,20.477,110.46,20.472,110.455,20.482,110.465,6
1076,20.477,110.47,20.472,110.465,20.482,110.475,32
1077,20.477,110.48,20.472,110.475,20.482,110.485,14
1078,20.477,110.49,20.472,110.485,20.482,110.495,37
1079,20.477,110.5,20.472,110.495,20.482,110.505,66
1080,20.477,110.51,20.472,110.505,20.482,110.515,15
1081,20.477,110.52,20.472,110.515,20.482,110.525,13
1082,20.477,110.53,20.472,110.525,20.482,110.535,62
1083,20.487,110.1,20.482,110.095,20.492,110.105,47
1084,20.487,110.11,20.482,110.105,20.492,110.115,18
1085,20.487,110.12,20.482,110.115,20.492,110.125,9
1086,20.487,110.13,20.482,110.125,20.492,110.135,74
1087,20.487,110.14,20.482,110.135,20.492,110.145,2
1088,20.487,110.15,20.482,110.145,20.492,110.155,28
1089,20.487,110.16,20.482,110.155,20.492,110.165,32
1090,20.487,110.17,20.482,110.165,20.492,110.175,22
1091,20.487,110.18,20.482,110.175,20.492,110.185,9
1092,20.487,110.19,20.482,110.185,20.492,110.195,34
1093,20.487,110.2,20.482,110.195,20.492,110.205,64
1094,20.487,110.21,20.482,110.205,20.492,110.215,22
1095,20.487,110.22,20.482,110.215,20.492,110.225,9
1096,20.487,110.23,20.482,110.225,20.492,110.235,33
1097,20.487,110.24,20.482,110.235,20.492,110.245,37
1098,20.487,110.25,20.482,110.245,20.492,110.255,42
1099,20.487,110.26,20.482,110.255,20.492,110.265,21
1100,20.487,110.27,20.482,110.265,20.492,110.275,65
1101,20.487,110.28,20.482,110.275,20.492,110.285,33
1102,20.487,110.29,20.482,110.285,20.492,110.295,17
1103,20.487,110.3,20.482,110.295,20.492,110.305,30
1104,20.487,110.31,20.482,110.305,20.492,110.315,38
1105,20.487,110.32,20.482,110.315,20.492,110.325,15
1106,20.487,110.33,20.482,110.325,20.492,110.335,58
1107,20.487,110.34,20.482,110.335,20.492,110.345,48
1108,20.487,110.35,20.482,110.345,20.492,110.355,61
1109,20.487,110.36,20.482,110.355,20.492,110.365,37
1110,20.487,110.37,20.482,110.365,20.492,110.375,30
1111,20.487,110.38,20.482,110.375,20.492,110.385,28
1112,20.487,110.39,20.482,110.385,20.492,110.395,34
1113,20.487,110.4,20.482,110.395,20.492,110.405,28
1114,20.487,110.41,20.482,110.405,20.492,110.415,20
1115,20.487,110.42,20.482,110.415,20.492,110.425,10
1116,20.487,110.43,20.482,110.425,20.492,110.435,63
1117,20.487,110.44,20.482,110.435,20.492,110.445,7
1118,20.487,110.45,20.482,110.445,20.492,110.455,48
1119,20.487,110.46,20.482,110.455,20.492,110.465,38
1120,20.487,110.47,20.482,110.465,20.492,110.475,77
1121,20.487,110.48,20.482,110.475,20.492,110.485,52
1122,20.487,110.49,20.482,110.485,20.492,110.495,67
1123,20.487,110.5,20.482,110.495,20.492,110.505,13
1124,20.487,110.51,20.482,110.505,20.492,110.515,52
1125,20.487,110.52,20.482,110.515,20.492,110.525,80
1126,20.497,110.1,20.492,110.095,20.502,110.105,58
1127,20.497,110.11,20.492,110.105,20.502,110.115,7
1128,20.497,110.12,20.492,110.115,20.502,110.125,64
1129,20.497,110.13,20.492,110.125,20.502,110.135,41
1130,20.497,110.14,20.492,110.135,20.502,110.145,20
1131,20.497,110.15,20.492,110.145,20.502,110.155,51
1132,20.497,110.16,20.492,110.155,20.502,110.165,71
1133,20.497,110.17,20.492,110.165,20.502,110.175,51
1134,20.497,110.18,20.492,110.175,20.502,110.185,73
1135,20.497,110.19,20.492,110.185,20.502,110.195,77
1136,20.497,110.2,20.492,110.195,20.502,110.205,24
1137,20.497,110.21,20.492,110.205,20.502,110.215,39
1138,20.497,110.22,20.492,110.215,20.502,110.225,55
1139,20.497,110.23,20.492,110.225,20.502,110.235,0
1140,20.497,110.24,20.492,110.235,20.502,110.245,35
1141,20.497,110.25,20.492,110.245,20.502,110.255,57
1142,20.497,110.26,20.492,110.255,20.502,110.265,45
1143,20.497,110.27,20.492,110.265,20.502,110.275,33
1144,20.497,110.28,20.492,110.275,20.502,110.285,80
1145,20.497,110.29,20.492,110.285,20.502,110.295,9
1146,20.497,110.3,20.492,110.295,20.502,110.305,78
1147,20.497,110.31,20.492,110.305,20.502,110.315,45
1148,20.497,110.32,20.492,110.315,20.502,110.325,11
1149,20.497,110.33,20.492,110.325,20.502,110.335,46
1150,20.497,110.34,20.492,110.335,20.502,110.345,14
1151,20.497,110.35,20.492,110.345,20.502,110.355,71
1152,20.497,110.36,20.492,110.355,20.502,110.365,17
1153,20.497,110.37,20.492,110.365,20.502,110.375,78
1154,20.497,110.38,20.492,110.375,20.502,110.385,57
1155,20.497,110.39,20.492,110.385,20.502,110.395,47
1156,20.497,110.4,20.492,110.395,20.502,110.405,74
1157,20.497,110.41,20.492,110.405,20.502,110.415,8
1158,20.497,110.42,20.492,110.415,20.502,110.425,72
1159,20.497,110.43,20.492,110.425,20.502,110.435,42
1160,20.497,110.44,20.492,110.435,20.502,110.445,9
1161,20.497,110.45,20.492,110.445,20.502,110.455,36
1162,20.497,110.46,20.492,110.455,20.502,110.465,73
1163,20.497,110.47,20.492,110.465,20.502,110.475,77
1164,20.497,110.48,20.492,110.475,20.502,110.485,22
1165,20.497,110.49,20.492,110.485,20.502,110.495,43
1166,20.497,110.5,20.492,110.495,20.502,110.505,66
1167,20.497,110.51,20.492,110.505,20.502,110.515,33
1168,20.497,110.52,20.492,110.515,20.502,110.525,0
1169,20.507,110.1,20.502,110.095,20.512,110.105,75
1170,20.507,110.11,20.502,110.105,20.512,110.115,30
1171,20.507,110.12,20.502,110.115,20.512,110.125,76
1172,20.507,110.13,20.502,110.125,20.512,110.135,12
1173,20.507,110.14,20.502,110.135,20.512,110.145,48
1174,20.507,110.15,20.502,110.145,20.512,110.155,0
1175,20.507,110.16,20.502,110.155,20.512,110.165,61
1176,20.507,110.17,20.502,110.165,20.512,110.175,22
1177,20.507,110.18,20.502,110.175,20.512,110.185,27
1178,20.507,110.19,20.502,110.185,20.512,110.195,21
1179,20.507,110.2,20.502,110.195,20.512,110.205,74
1180,20.507,110.21,20.502,110.205,20.512,110.215,15
1181,20.507,110.22,20.502,110.215,20.512,110.225,80
1182,20.507,110.23,20.502,110.225,20.512,110.235,57
1183,20.507,110.24,20.502,110.235,20.512,110.245,57
1184,20.507,110.25,20.502,110.245,20.512,110.255,71
1185,20.507,110.26,20.502,110.255,20.512,110.265,43
1186,20.507,110.27,20.502,110.265,20.512,110.275,11
1187,20.507,110.28,20.502,110.275,20.512,110.285,46
1188,20.507,110.29,20.502,110.285,20.512,110.295,45
1189,20.507,110.3,20.502,110.295,20.512,110.305,27
1190,20.507,110.31,20.502,110.305,20.512,110.315,9
1191,20.507,110.32,20.502,110.315,20.512,110.325,67
1192,20.507,110.33,20.502,110.325,20.512,110.335,79
1193,20.507,110.34,20.502,110.335,20.512,110.345,78
1194,20.507,110.35,20.502,110.345,20.512,110.355,64
1195,20.507,110.36,20.502,110.355,20.512,110.365,39
1196,20.507,110.37,20.502,110.365,20.512,110.375,7
1197,20.507,110.38,20.502,110.375,20.512,110.385,58
1198,20.507,110.39,20.502,110.385,20.512,110.395,15
1199,20.507,110.4,20.502,110.395,20.512,110.405,24
1200,20.507,110.41,20.502,110.405,20.512,110.415,66
1201,20.507,110.42,20.502,110.415,20.512,110.425,56
1202,20.507,110.43,20.502,110.425,20.512,110.435,47
1203,20.507,110.44,20.502,110.435,20.512,110.445,42
1204,20.507,110.45,20.502,110.445,20.512,110.455,52
1205,20.507,110.46,20.502,110.455,20.512,110.465,9
1206,20.507,110.47,20.502,110.465,20.512,110.475,24
1207,20.507,110.48,20.502,110.475,20.512,110.485,72
1208,20.507,110.49,20.502,110.485,20.512,110.495,1
1209,20.507,110.5,20.502,110.495,20.512,110.505,22
1210,20.507,110.51,20.502,110.505,20.512,110.515,15
1211,20.517,110.11,20.512,110.105,20.522,110.115,32
1212,20.517,110.12,20.512,110.115,20.522,110.125,39
1213,20.517,110.13,20.512,110.125,20.522,110.135,22
1214,20.517,110.14,20.512,110.135,20.522,110.145,34
1215,20.517,110.15,20.512,110.145,20.522,110.155,74
1216,20.517,110.16,20.512,110.155,20.522,110.165,67
1217,20.517,110.17,20.512,110.165,20.522,110.175,17
1218,20.517,110.18,20.512,110.175,20.522,110.185,32
1219,20.517,110.19,20.512,110.185,20.522,110.195,54
1220,20.517,110.2,20.512,110.195,20.522,110.205,66
1221,20.517,110.21,20.512,110.205,20.522,110.215,59
1222,20.517,110.22,20.512,110.215,20.522,110.225,1
1223,20.517,110.23,20.512,110.225,20.522,110.235,13
1224,20.517,110.24,20.512,110.235,20.522,110.245,45
1225,20.517,110.25,20.512,110.245,20.522,110.255,56
1226,20.517,110.26,20.512,110.255,20.522,110.265,49
1227,20.517,110.27,20.512,110.265,20.522,110.275,11
1228,20.517,110.28,20.512,110.275,20.522,110.285,0
1229,20.517,110.29,20.512,110.285,20.522,110.295,25
1230,20.517,110.3,20.512,110.295,20.522,110.305,49
1231,20.517,110.31,20.512,110.305,20.522,110.315,1
1232,20.517,110.32,20.512,110.315,20.522,110.325,18
1233,20.517,110.33,20.512,110.325,20.522,110.335,1
1234,20.517,110.34,20.512,110.335,20.522,110.345,6
1235,20.517,110.35,20.512,110.345,20.522,110.355,23
1236,20.517,110.36,20.512,110.355,20.522,110.365,59
1237,20.517,110.37,20.512,110.365,20.522,110.375,14
1238,20.517,110.38,20.512,110.375,20.522,110.385,64
1239,20.517,110.39,20.512,110.385,20.522,110.395,2
1240,20.517,110.4,20.512,110.395,20.522,110.405,29
1241,20.517,110.41,20.512,110.405,20.522,110.415,57
1242,20.517,110.42,20.512,110.415,20.522,110.425,7
1243,20.517,110.43,20.512,110.425,20.522,110.435,14
1244,20.517,110.44,20.512,110.435,20.522,110.445,75
1245,20.517,110.45,20.512,110.445,20.522,110.455,24
1246,20.517,110.46,20.512,110.455,20.522,110.465,57
1247,20.517,110.47,20.512,110.465,20.522,110.475,7
1248,20.517,110.48,20.512,110.475,20.522,110.485,49
1249,20.517,110.49,20.512,110.485,20.522,110.495,65
1250,20.517,110.5,20.512,110.495,20.522,110.505,34
1251,20.517,110.51,20.512,110.505,20.522,110.515,58
1252,20.527,110.12,20.522,110.115,20.532,110.125,54
1253,20.527,110.13,20.522,110.125,20.532,110.135,39
1254,20.527,110.14,20.522,110.135,20.532,110.145,38
1255,20.527,110.15,20.522,110.145,20.532,110.155,59
1256,20.527,110.16,20.522,110.155,20.532,110.165,71
1257,20.527,110.17,20.522,110.165,20.532,110.175,0
1258,20.527,110.18,20.522,110.175,20.532,110.185,49
1259,20.527,110.19,20.522,110.185,20.532,110.195,5
1260,20.527,110.2,20.522,110.195,20.532,110.205,35
1261,20.527,110.21,20.522,110.205,20.532,110.215,74
1262,20.527,110.22,20.522,110.215,20.532,110.225,59
1263,20.527,110.23,20.522,110.225,20.532,110.235,49
1264,20.527,110.24,20.522,110.235,20.532,110.245,14
1265,20.527,110.25,20.522,110.245,20.532,110.255,45
1266,20.527,110.26,20.522,110.255,20.532,110.265,36
1267,20.527,110.27,20.522,110.265,20.532,110.275,76
1268,20.527,110.28,20.522,110.275,20.532,110.285,66
1269,20.527,110.29,20.522,110.285,20.532,110.295,78
1270,20.527,110.3,20.522,110.295,20.532,110.305,66
1271,20.527,110.31,20.522,110.305,20.532,110.315,52
1272,20.527,110.32,20.522,110.315,20.532,110.325,29
1273,20.527,110.33,20.522,110.325,20.532,110.335,27
1274,20.527,110.34,20.522,110.335,20.532,110.345,16
1275,20.527,110.35,20.522,110.345,20.532,110.355,52
1276,20.527,110.36,20.522,110.355,20.532,110.365,31
1277,20.527,110.37,20.522,110.365,20.532,110.375,69
1278,20.527,110.38,20.522,110.375,20.532,110.385,34
1279,20.527,110.39,20.522,110.385,20.532,110.395,57
1280,20.527,110.4,20.522,110.395,20.532,110.405,75
1281,20.527,110.41,20.522,110.405,20.532,110.415,7
1282,20.527,110.42,20.522,110.415,20.532,110.425,55
1283,20.527,110.43,20.522,110.425,20.532,110.435,55
1284,20.527,110.44,20.522,110.435,20.532,110.445,57
1285,20.527,110.45,20.522,110.445,20.532,110.455,17
1286,20.527,110.46,20.522,110.455,20.532,110.465,80
1287,20.527,110.47,20.522,110.465,20.532,110.475,1
1288,20.527,110.48,20.522,110.475,20.532,110.485,70
1289,20.527,110.49,20.522,110.485,20.532,110.495,54
1290,20.527,110.5,20.522,110.495,20.532,110.505,26
1291,20.537,110.12,20.532,110.115,20.542,110.125,26
1292,20.537,110.13,20.532,110.125,20.542,110.135,36
1293,20.537,110.14,20.532,110.135,20.542,110.145,8
1294,20.537,110.15,20.532,110.145,20.542,110.155,45
1295,20.537,110.16,20.532,110.155,20.542,110.165,51
1296,20.537,110.17,20.532,110.165,20.542,110.175,25
1297,20.537,110.18,20.532,110.175,20.542,110.185,46
1298,20.537,110.19,20.532,110.185,20.542,110.195,37
1299,20.537,110.2,20.532,110.195,20.542,110.205,29
1300,20.537,110.21,20.532,110.205,20.542,110.215,41
1301,20.537,110.22,20.532,110.215,20.542,110.225,42
1302,20.537,110.23,20.532,110.225,20.542,110.235,56
1303,20.537,110.24,20.532,110.235,20.542,110.245,6
1304,20.537,110.25,20.532,110.245,20.542,110.255,16
1305,20.537,110.26,20.532,110.255,20.542,110.265,67
1306,20.537,110.27,20.532,110.265,20.542,110.275,11
1307,20.537,110.28,20.532,110.275,20.542,110.285,5
1308,20.537,110.29,20.532,110.285,20.542,110.295,40
1309,20.537,110.3,20.532,110.295,20.542,110.305,76
1310,20.537,110.31,20.532,110.305,20.542,110.315,52
1311,20.537,110.32,20.532,110.315,20.542,110.325,46
1312,20.537,110.33,20.532,110.325,20.542,110.335,9
1313,20.537,110.34,20.532,110.335,20.542,110.345,18
1314,20.537,110.35,20.532,110.345,20.542,110.355,33
1315,20.537,110.36,20.532,110.355,20.542,110.365,16
1316,20.537,110.37,20.532,110.365,20.542,110.375,54
1317,20.537,110.38,20.532,110.375,20.542,110.385,29
1318,20.537,110.39,20.532,110.385,20.542,110.395,50
1319,20.537,110.4,20.532,110.395,20.542,110.405,46
1320,20.537,110.41,20.532,110.405,20.542,110.415,34
1321,20.537,110.42,20.532,110.415,20.542,110.425,31
1322,20.537,110.43,20.532,110.425,20.542,110.435,11
1323,20.537,110.44,20.532,110.435,20.542,110.445,5
1324,20.537,110.45,20.532,110.445,20.542,110.455,69
1325,20.537,110.46,20.532,110.455,20.542,110.465,55
1326,20.537,110.47,20.532,110.465,20.542,110.475,23
1327,20.537,110.48,20.532,110.475,20.542,110.485,4
1328,20.537,110.49,20.532,110.485,20.542,110.495,65
1329,20.537,110.5,20.532,110.495,20.542,110.505,39
1330,20.547,110.13,20.542,110.125,20.552,110.135,0
1331,20.547,110.14,20.542,110.135,20.552,110.145,46
1332,20.547,110.18,20.542,110.175,20.552,110.185,42
1333,20.547,110.19,20.542,110.185,20.552,110.195,67
1334,20.547,110.2,20.542,110.195,20.552,110.205,47
1335,20.547,110.21,20.542,110.205,20.552,110.215,29
1336,20.547,110.22,20.542,110.215,20.552,110.225,32
1337,20.547,110.23,20.542,110.225,20.552,110.235,67
1338,20.547,110.24,20.542,110.235,20.552,110.245,65
1339,20.547,110.25,20.542,110.245,20.552,110.255,8
1340,20.547,110.26,20.542,110.255,20.552,110.265,43
1341,20.547,110.27,20.542,110.265,20.552,110.275,63
1342,20.547,110.28,20.542,110.275,20.552,110.285,53
1343,20.547,110.29,20.542,110.285,20.552,110.295,32
1344,20.547,110.3,20.542,110.295,20.552,110.305,2
1345,20.547,110.31,20.542,110.305,20.552,110.315,64
1346,20.547,110.32,20.542,110.315,20.552,110.325,52
1347,20.547,110.33,20.542,110.325,20.552,110.335,67
1348,20.547,110.34,20.542,110.335,20.552,110.345,63
1349,20.547,110.35,20.542,110.345,20.552,110.355,67
1350,20.547,110.36,20.542,110.355,20.552,110.365,62
1351,20.547,110.37,20.542,110.365,20.552,110.375,8
1352,20.547,110.38,20.542,110.375,20.552,110.385,45
1353,20.547,110.39,20.542,110.385,20.552,110.395,62
1354,20.547,110.4,20.542,110.395,20.552,110.405,33
1355,20.547,110.41,20.542,110.405,20.552,110.415,35
1356,20.547,110.42,20.542,110.415,20.552,110.425,32
1357,20.547,110.43,20.542,110.425,20.552,110.435,24
1358,20.547,110.44,20.542,110.435,20.552,110.445,5
1359,20.547,110.45,20.542,110.445,20.552,110.455,57
1360,20.547,110.46,20.542,110.455,20.552,110.465,16
1361,20.547,110.47,20.542,110.465,20.552,110.475,1
1362,20.547,110.48,20.542,110.475,20.552,110.485,40
1363,20.547,110.49,20.542,110.485,20.552,110.495,6
1364,20.557,110.2,20.552,110.195,20.562,110.205,15
1365,20.557,110.21,20.552,110.205,20.562,110.215,40
1366,20.557,110.22,20.552,110.215,20.562,110.225,17
1367,20.557,110.23,20.552,110.225,20.562,110.235,41
1368,20.557,110.24,20.552,110.235,20.562,110.245,54
1369,20.557,110.25,20.552,110.245,20.562,110.255,22
1370,20.557,110.26,20.552,110.255,20.562,110.265,69
1371,20.557,110.27,20.552,110.265,20.562,110.275,52
1372,20.557,110.28,20.552,110.275,20.562,110.285,77
1373,20.557,110.29,20.552,110.285,20.562,110.295,27
1374,20.557,110.3,20.552,110.295,20.562,110.305,31
1375,20.557,110.31,20.552,110.305,20.562,110.315,75
1376,20.557,110.32,20.552,110.315,20.562,110.325,3
1377,20.557,110.33,20.552,110.325,20.562,110.335,0
1378,20.557,110.34,20.552,110.335,20.562,110.345,46
1379,20.557,110.35,20.552,110.345,20.562,110.355,39
1380,20.557,110.36,20.552,110.355,20.562,110.365,75
1381,20.557,110.37,20.552,110.365,20.562,110.375,31
1382,20.557,110.38,20.552,110.375,20.562,110.385,35
1383,20.557,110.39,20.552,110.385,20.562,110.395,36
1384,20.557,110.4,20.552,110.395,20.562,110.405,71
1385,20.557,110.41,20.552,110.405,20.562,110.415,64
1386,20.557,110.42,20.552,110.415,20.562,110.425,13
1387,20.557,110.43,20.552,110.425,20.562,110.435,24
1388,20.557,110.44,20.552,110.435,20.562,110.445,21
1389,20.557,110.45,20.552,110.445,20.562,110.455,67
1390,20.557,110.46,20.552,110.455,20.562,110.465,43
1391,20.557,110.47,20.552,110.465,20.562,110.475,14
1392,20.557,110.48,20.552,110.475,20.562,110.485,48
1393,20.557,110.49,20.552,110.485,20.562,110.495,10
1394,20.567,110.21,20.562,110.205,20.572,110.215,74
1395,20.567,110.22,20.562,110.215,20.572,110.225,32
1396,20.567,110.27,20.562,110.265,20.572,110.275,80
1397,20.567,110.28,20.562,110.275,20.572,110.285,80
1398,20.567,110.29,20.562,110.285,20.572,110.295,24
1399,20.567,110.3,20.562,110.295,20.572,110.305,56
1400,20.567,110.31,20.562,110.305,20.572,110.315,7
1401,20.567,110.32,20.562,110.315,20.572,110.325,2
1402,20.567,110.33,20.562,110.325,20.572,110.335,24
1403,20.567,110.34,20.562,110.335,20.572,110.345,13
1404,20.567,110.35,20.562,110.345,20.572,110.355,65
1405,20.567,110.36,20.562,110.355,20.572,110.365,72
1406,20.567,110.37,20.562,110.365,20.572,110.375,30
1407,20.567,110.38,20.562,110.375,20.572,110.385,40
1408,20.567,110.39,20.562,110.385,20.572,110.395,22
1409,20.567,110.4,20.562,110.395,20.572,110.405,70
1410,20.567,110.41,20.562,110.405,20.572,110.415,39
1411,20.567,110.42,20.562,110.415,20.572,110.425,11
1412,20.567,110.43,20.562,110.425,20.572,110.435,63
1413,20.567,110.44,20.562,110.435,20.572,110.445,3
1414,20.567,110.46,20.562,110.455,20.572,110.465,50
1415,20.567,110.47,20.562,110.465,20.572,110.475,19
1416,20.567,110.48,20.562,110.475,20.572,110.485,25
1417,20.577,110.27,20.572,110.265,20.582,110.275,70
1418,20.577,110.28,20.572,110.275,20.582,110.285,51
1419,20.577,110.29,20.572,110.285,20.582,110.295,51
1420,20.577,110.3,20.572,110.295,20.582,110.305,28
1421,20.577,110.31,20.572,110.305,20.582,110.315,32
1422,20.577,110.32,20.572,110.315,20.582,110.325,33
1423,20.577,110.33,20.572,110.325,20.582,110.335,18
1424,20.577,110.34,20.572,110.335,20.582,110.345,68
1425,20.577,110.35,20.572,110.345,20.582,110.355,21
1426,20.577,110.36,20.572,110.355,20.582,110.365,13
1427,20.577,110.37,20.572,110.365,20.582,110.375,44
1428,20.577,110.38,20.572,110.375,20.582,110.385,29
1429,20.577,110.39,20.572,110.385,20.582,110.395,24
1430,20.577,110.4,20.572,110.395,20.582,110.405,38
1431,20.577,110.41,20.572,110.405,20.582,110.415,20
1432,20.577,110.42,20.572,110.415,20.582,110.425,48
1433,20.577,110.43,20.572,110.425,20.582,110.435,19
1434,20.577,110.45,20.572,110.445,20.582,110.455,64
1435,20.577,110.47,20.572,110.465,20.582,110.475,44
1436,20.587,110.28,20.582,110.275,20.592,110.285,31
1437,20.587,110.29,20.582,110.285,20.592,110.295,4
1438,20.587,110.3,20.582,110.295,20.592,110.305,62
1439,20.587,110.31,20.582,110.305,20.592,110.315,21
1440,20.587,110.32,20.582,110.315,20.592,110.325,14
1441,20.587,110.33,20.582,110.325,20.592,110.335,33
1442,20.587,110.34,20.582,110.335,20.592,110.345,49
1443,20.587,110.35,20.582,110.345,20.592,110.355,70
1444,20.587,110.36,20.582,110.355,20.592,110.365,28
1445,20.587,110.37,20.582,110.365,20.592,110.375,51
1446,20.587,110.38,20.582,110.375,20.592,110.385,32
1447,20.587,110.39,20.582,110.385,20.592,110.395,19
1448,20.587,110.4,20.582,110.395,20.592,110.405,65
1449,20.587,110.41,20.582,110.405,20.592,110.415,65
1450,20.587,110.45,20.582,110.445,20.592,110.455,24
1451,20.587,110.46,20.582,110.455,20.592,110.465,22
1452,20.587,110.47,20.582,110.465,20.592,110.475,68
1453,20.587,110.48,20.582,110.475,20.592,110.485,50
1454,20.597,110.28,20.592,110.275,20.602,110.285,58
1455,20.597,110.29,20.592,110.285,20.602,110.295,35
1456,20.597,110.3,20.592,110.295,20.602,110.305,41
1457,20.597,110.31,20.592,110.305,20.602,110.315,56
1458,20.597,110.32,20.592,110.315,20.602,110.325,15
1459,20.597,110.33,20.592,110.325,20.602,110.335,47
1460,20.597,110.34,20.592,110.335,20.602,110.345,72
1461,20.597,110.35,20.592,110.345,20.602,110.355,56
1462,20.597,110.36,20.592,110.355,20.602,110.365,28
1463,20.597,110.37,20.592,110.365,20.602,110.375,68
1464,20.597,110.38,20.592,110.375,20.602,110.385,21
1465,20.597,110.39,20.592,110.385,20.602,110.395,80
1466,20.597,110.4,20.592,110.395,20.602,110.405,24
1467,20.597,110.42,20.592,110.415,20.602,110.425,77
1468,20.597,110.44,20.592,110.435,20.602,110.445,11
1469,20.597,110.45,20.592,110.445,20.602,110.455,76
1470,20.597,110.46,20.592,110.455,20.602,110.465,11
1471,20.597,110.47,20.592,110.465,20.602,110.475,77
1472,20.597,110.48,20.592,110.475,20.602,110.485,22
1473,20.607,110.3,20.602,110.295,20.612,110.305,15
1474,20.607,110.31,20.602,110.305,20.612,110.315,60
1475,20.607,110.32,20.602,110.315,20.612,110.325,63
1476,20.607,110.33,20.602,110.325,20.612,110.335,55
1477,20.607,110.34,20.602,110.335,20.612,110.345,18
1478,20.607,110.35,20.602,110.345,20.612,110.355,80
1479,20.607,110.36,20.602,110.355,20.612,110.365,63
1480,20.607,110.37,20.602,110.365,20.612,110.375,68
1481,20.607,110.38,20.602,110.375,20.612,110.385,2
1482,20.607,110.39,20.602,110.385,20.612,110.395,55
1483,20.607,110.41,20.602,110.405,20.612,110.415,5
1484,20.607,110.42,20.602,110.415,20.612,110.425,78
1485,20.607,110.44,20.602,110.435,20.612,110.445,43
1486,20.607,110.45,20.602,110.445,20.612,110.455,71
1487,20.607,110.46,20.602,110.455,20.612,110.465,18
1488,20.607,110.47,20.602,110.465,20.612,110.475,58
1489,20.607,110.48,20.602,110.475,20.612,110.485,79
1490,20.617,110.32,20.612,110.315,20.622,110.325,51
1491,20.617,110.33,20.612,110.325,20.622,110.335,53
1492,20.617,110.34,20.612,110.335,20.622,110.345,27
1493,20.617,110.35,20.612,110.345,20.622,110.355,17
1494,20.617,110.36,20.612,110.355,20.622,110.365,35
1495,20.617,110.37,20.612,110.365,20.622,110.375,46
1496,20.617,110.38,20.612,110.375,20.622,110.385,23
1497,20.617,110.39,20.612,110.385,20.622,110.395,61
1498,20.617,110.4,20.612,110.395,20.622,110.405,14
1499,20.617,110.44,20.612,110.435,20.622,110.445,4
1500,20.617,110.45,20.612,110.445,20.622,110.455,25
1501,20.617,110.46,20.612,110.455,20.622,110.465,77
1502,20.617,110.47,20.612,110.465,20.622,110.475,27
1503,20.617,110.48,20.612,110.475,20.622,110.485,64
1504,20.627,110.34,20.622,110.335,20.632,110.345,40
1505,20.627,110.35,20.622,110.345,20.632,110.355,7
1506,20.627,110.36,20.622,110.355,20.632,110.365,5
1507,20.627,110.37,20.622,110.365,20.632,110.375,58
1508,20.627,110.38,20.622,110.375,20.632,110.385,66
1509,20.627,110.39,20.622,110.385,20.632,110.395,9
1510,20.627,110.4,20.622,110.395,20.632,110.405,53
1511,20.627,110.44,20.622,110.435,20.632,110.445,10
1512,20.627,110.45,20.622,110.445,20.632,110.455,64
1513,20.627,110.46,20.622,110.455,20.632,110.465,76
1514,20.627,110.47,20.622,110.465,20.632,110.475,29
1515,20.627,110.48,20.622,110.475,20.632,110.485,14
1516,20.637,110.36,20.632,110.355,20.642,110.365,27
1517,20.637,110.37,20.632,110.365,20.642,110.375,74
1518,20.637,110.38,20.632,110.375,20.642,110.385,61
1519,20.637,110.39,20.632,110.385,20.642,110.395,66
1520,20.637,110.4,20.632,110.395,20.642,110.405,13
1521,20.637,110.41,20.632,110.405,20.642,110.415,11
1522,20.637,110.43,20.632,110.425,20.642,110.435,17
1523,20.637,110.44,20.632,110.435,20.642,110.445,24
1524,20.637,110.45,20.632,110.445,20.642,110.455,54
1525,20.637,110.46,20.632,110.455,20.642,110.465,9
1526,20.637,110.47,20.632,110.465,20.642,110.475,55
1527,20.647,110.38,20.642,110.375,20.652,110.385,0
1528,20.647,110.41,20.642,110.405,20.652,110.415,30
1529,20.647,110.42,20.642,110.415,20.652,110.425,79
1530,20.647,110.43,20.642,110.425,20.652,110.435,45
1531,20.647,110.44,20.642,110.435,20.652,110.445,55
1532,20.647,110.45,20.642,110.445,20.652,110.455,46
1533,20.647,110.46,20.642,110.455,20.652,110.465,52
1534,20.647,110.47,20.642,110.465,20.652,110.475,34
1535,20.657,110.38,20.652,110.375,20.662,110.385,68
1536,20.657,110.39,20.652,110.385,20.662,110.395,66
1537,20.657,110.41,20.652,110.405,20.662,110.415,7
1538,20.657,110.42,20.652,110.415,20.662,110.425,19
1539,20.657,110.43,20.652,110.425,20.662,110.435,33
1540,20.657,110.44,20.652,110.435,20.662,110.445,19
1541,20.657,110.45,20.652,110.445,20.662,110.455,29
1542,20.657,110.46,20.652,110.455,20.662,110.465,51
1543,20.657,110.47,20.652,110.465,20.662,110.475,41
1544,20.667,110.39,20.662,110.385,20.672,110.395,61
1545,20.667,110.41,20.662,110.405,20.672,110.415,26
1546,20.667,110.44,20.662,110.435,20.672,110.445,60
1547,20.667,110.46,20.662,110.455,20.672,110.465,63
1548,20.687,110.41,20.682,110.405,20.692,110.415,78
1549,20.687,110.42,20.682,110.415,20.692,110.425,3
1550,20.687,110.43,20.682,110.425,20.692,110.435,73
1551,20.697,110.42,20.692,110.415,20.702,110.425,72
1552,20.697,110.43,20.692,110.425,20.702,110.435,31
1553,20.707,110.41,20.702,110.405,20.712,110.415,33
1554,20.707,110.42,20.702,110.415,20.712,110.425,15
