Id,glat,glon,vmax_gust,vmax_sust,gust_dur,sust_dur
1,20.227,109.92,68.02004078,45.65103408,1230,855
2,20.237,109.93,68.28798903,45.83086512,1230,855
3,20.247,109.92,68.21133438,45.77941905,1245,870
4,20.247,109.93,68.35826304,45.87802888,1230,855
5,20.247,109.94,68.49115387,45.96721736,1230,870
6,20.247,110.12,70.29744943,47.17949626,1260,885
7,20.247,110.13,70.55971906,47.35551615,1260,870
8,20.247,110.14,70.61921613,47.39544707,1260,855
9,20.247,110.15,71.33804693,47.87788385,1275,870
10,20.247,110.16,71.07654311,47.70237792,1275,870
11,20.247,110.17,70.58077146,47.36964527,1275,855
12,20.247,110.18,71.19280491,47.78040598,1260,855
13,20.257,109.92,68.47458877,45.95609985,1245,870
14,20.257,109.93,68.61700348,46.05168019,1245,870
15,20.257,109.94,68.73858403,46.13327787,1230,885
16,20.257,109.95,68.83802248,46.20001509,1230,870
17,20.257,110.12,70.37807556,47.23360776,1260,870
18,20.257,110.13,70.24915048,47.14708086,1260,855
19,20.257,110.14,70.78036256,47.50359903,1260,855
20,20.257,110.15,71.47352035,47.96880561,1275,855
21,20.257,110.16,71.10274669,47.71996422,1275,855
22,20.257,110.17,70.86103506,47.55774165,1260,855
23,20.257,110.18,71.3225812,47.86750416,1260,855
24,20.257,110.19,72.23198151,48.47783994,1230,855
25,20.257,110.28,74.99010781,50.32893142,1245,855
26,20.267,109.93,68.50449736,45.97617273,1245,870
27,20.267,109.94,68.63494893,46.06372411,1245,870
28,20.267,109.95,68.76615423,46.15178136,1230,885
29,20.267,109.96,68.89233488,46.23646636,1230,885
30,20.267,110.01,69.50545812,46.64795847,1245,870
31,20.267,110.09,69.90996087,46.91943682,1245,870
32,20.267,110.1,70.33368609,47.20381617,1260,855
33,20.267,110.11,70.54241168,47.34390046,1260,855
34,20.267,110.12,70.53267519,47.3373659,1260,840
35,20.267,110.13,70.6984724,47.44863919,1260,840
36,20.267,110.14,70.92728603,47.60220539,1260,840
37,20.267,110.15,71.60967755,48.06018628,1230,855
38,20.267,110.16,71.1783732,47.77072027,1245,855
39,20.267,110.17,70.99581048,47.64819495,1260,855
40,20.267,110.18,71.40556487,47.9231979,1245,855
41,20.267,110.19,72.33196817,48.54494508,1245,855
42,20.267,110.25,74.54715725,50.03164916,1230,840
43,20.267,110.27,73.85677755,49.56830708,1245,840
44,20.267,110.28,74.95022765,50.30216621,1245,840
45,20.267,110.29,75.95323063,50.97532257,1245,855
46,20.267,110.3,75.84352379,50.90169382,1245,840
47,20.267,110.31,74.8680205,50.24699362,1230,840
48,20.267,110.32,76.0154645,51.01709027,1230,855
49,20.267,110.33,77.1108775,51.75226678,1245,840
50,20.277,109.94,68.74575662,46.13809169,1245,870
51,20.277,109.95,68.77641077,46.15866494,1245,885
52,20.277,109.96,68.76667264,46.15212929,1230,885
53,20.277,109.97,68.84059883,46.20174418,1230,885
54,20.277,110.01,69.5540116,46.6805447,1245,870
55,20.277,110.07,70.22487138,47.13078616,1260,870
56,20.277,110.08,70.26246429,47.1560163,1260,855
57,20.277,110.09,70.50396655,47.31809835,1245,870
58,20.277,110.1,70.39453574,47.24465486,1260,870
59,20.277,110.11,70.35152311,47.21578732,1260,840
60,20.277,110.12,70.69871517,47.44880213,1245,840
61,20.277,110.13,70.76895161,47.49594068,1245,840
62,20.277,110.14,71.04749969,47.6828857,1230,840
63,20.277,110.15,71.7544843,48.15737202,1230,840
64,20.277,110.16,71.3159947,47.86308369,1245,840
65,20.277,110.17,71.21829326,47.79751226,1245,840
66,20.277,110.18,71.43961464,47.9460501,1230,855
67,20.277,110.19,72.40078349,48.59112986,1230,855
68,20.277,110.2,73.21694368,49.13888838,1245,840
69,20.277,110.21,72.85815608,48.89809133,1230,840
70,20.277,110.22,71.7617425,48.16224329,1230,840
71,20.277,110.23,72.97968264,48.97965278,1230,825
72,20.277,110.24,73.9351302,49.62089275,1230,855
73,20.277,110.25,74.72381411,50.15021081,1230,840
74,20.277,110.26,74.30712881,49.87055625,1230,840
75,20.277,110.27,73.68810424,49.45510352,1230,840
76,20.277,110.28,74.84477959,50.2313957,1245,840
77,20.277,110.29,76.01545696,51.0170852,1245,840
78,20.277,110.3,76.13068163,51.0944172,1245,855
79,20.277,110.31,75.36417088,50.57998046,1245,840
80,20.277,110.32,75.80474257,50.87566615,1230,855
81,20.277,110.33,77.08605089,51.73560462,1230,855
82,20.287,109.94,68.73307632,46.12958142,1245,870
83,20.287,109.95,68.83986614,46.20125244,1245,885
84,20.287,109.96,68.91314636,46.2504338,1245,885
85,20.287,109.97,68.94036579,46.26870188,1230,885
86,20.287,109.98,69.36746053,46.55534264,1245,885
87,20.287,110,69.13715963,46.40077827,1245,870
88,20.287,110.01,69.44529603,46.60758123,1245,870
89,20.287,110.03,69.87470695,46.89577648,1245,870
90,20.287,110.06,69.97993926,46.96640219,1260,855
91,20.287,110.07,69.95698898,46.95099931,1260,840
92,20.287,110.08,70.34329985,47.21026836,1260,840
93,20.287,110.09,70.49838437,47.31435192,1260,855
94,20.287,110.1,70.52470196,47.33201474,1215,855
95,20.287,110.11,70.53003405,47.33559332,1230,840
96,20.287,110.12,70.3704992,47.22852295,1230,840
97,20.287,110.13,70.83616416,47.54104977,1215,840
98,20.287,110.14,71.14054973,47.74533539,1230,840
99,20.287,110.15,71.90869361,48.2608682,1230,825
100,20.287,110.16,71.51722096,47.99813487,1230,825
101,20.287,110.17,71.06588567,47.69522528,1245,840
102,20.287,110.18,71.42110294,47.93362613,1230,840
103,20.287,110.19,72.43097021,48.6113894,1230,855
104,20.287,110.2,73.36687723,49.23951492,1230,840
105,20.287,110.21,73.14472235,49.09041768,1230,840
106,20.287,110.22,71.9533614,48.29084657,1215,840
107,20.287,110.23,72.86804701,48.90472954,1230,840
108,20.287,110.24,73.90191152,49.59859833,1230,840
109,20.287,110.25,74.87100379,50.24899583,1230,840
110,20.287,110.26,74.68204807,50.12217992,1230,840
111,20.287,110.27,73.54107597,49.35642683,1230,840
112,20.287,110.28,74.66235174,50.1089609,1245,840
113,20.287,110.29,76.00304433,51.00875458,1245,840
114,20.287,110.3,76.35611883,51.24571733,1245,855
115,20.287,110.31,75.93624879,50.96392536,1245,840
116,20.287,110.32,75.50227919,50.6726706,1245,855
117,20.287,110.33,76.54814775,51.37459581,1230,855
118,20.287,110.34,77.52241033,52.02846331,1245,855
119,20.287,110.35,77.42860424,51.9655062,1245,840
120,20.297,109.94,68.52377609,45.98911147,1245,870
121,20.297,109.95,68.76809762,46.15308565,1245,870
122,20.297,109.96,68.99810147,46.30745065,1245,885
123,20.297,109.97,69.19242771,46.43787095,1245,885
124,20.297,109.98,69.33006895,46.53024762,1245,885
125,20.297,109.99,69.39249994,46.57214761,1245,885
126,20.297,110,69.36575184,46.55419586,1245,885
127,20.297,110.01,69.69457611,46.77488329,1245,870
128,20.297,110.02,69.49292092,46.63954424,1245,870
129,20.297,110.03,69.66666091,46.75614826,1245,840
130,20.297,110.04,70.00510946,46.98329494,1245,840
131,20.297,110.05,70.16782854,47.09250238,1260,840
132,20.297,110.06,70.14752202,47.07887384,1260,840
133,20.297,110.07,70.34725382,47.21292203,1245,840
134,20.297,110.08,70.01865216,46.992384,1245,840
135,20.297,110.09,70.43223309,47.2699551,1230,840
136,20.297,110.1,70.67926407,47.4357477,1230,840
137,20.297,110.11,70.66343941,47.42512712,1245,840
138,20.297,110.12,70.75979883,47.48979787,1230,840
139,20.297,110.13,70.4441547,47.27795617,1215,840
140,20.297,110.14,71.20189019,47.78650348,1215,840
141,20.297,110.15,72.06561517,48.36618468,1215,825
142,20.297,110.16,71.77244244,48.16942445,1230,825
143,20.297,110.17,70.83083845,47.53747547,1230,840
144,20.297,110.18,71.34569462,47.88301652,1230,840
145,20.297,110.19,72.41223218,48.59881354,1230,840
146,20.297,110.2,73.49273501,49.32398323,1230,840
147,20.297,110.21,73.44733502,49.29351344,1230,840
148,20.297,110.22,72.49857319,48.65676053,1230,840
149,20.297,110.23,72.68923711,48.78472289,1230,840
150,20.297,110.24,73.7995157,49.52987631,1230,840
151,20.297,110.25,74.96077052,50.30924196,1230,840
152,20.297,110.26,75.02393548,50.35163455,1230,840
153,20.297,110.27,74.23143823,49.8197572,1230,840
154,20.297,110.28,74.39547741,49.92985061,1230,840
155,20.297,110.29,75.44792001,50.63618792,1245,840
156,20.297,110.3,76.47969556,51.32865474,1245,840
157,20.297,110.31,76.41395086,51.28453078,1245,840
158,20.297,110.32,75.49463993,50.66754358,1245,840
159,20.297,110.33,76.25809108,51.1799269,1245,855
160,20.297,110.34,77.4919322,52.00800819,1230,855
161,20.297,110.35,77.75953002,52.18760404,1245,855
162,20.307,109.94,69.05595829,46.34628073,1245,870
163,20.307,109.95,69.04639703,46.33986378,1245,870
164,20.307,109.96,68.97603205,46.29263896,1245,885
165,20.307,109.97,68.84056012,46.2017182,1245,885
166,20.307,109.98,69.13056084,46.39634956,1245,885
167,20.307,109.99,69.44437339,46.60696201,1260,870
168,20.307,110,69.65494736,46.74828682,1245,855
169,20.307,110.01,69.74251523,46.8070572,1245,855
170,20.307,110.02,69.6964949,46.77617107,1245,855
171,20.307,110.03,69.95672371,46.95082128,1245,840
172,20.307,110.04,69.67515988,46.76185227,1245,840
173,20.307,110.05,70.02589416,46.9972444,1230,840
174,20.307,110.06,70.33750234,47.20637741,1230,825
175,20.307,110.07,70.41116144,47.25581305,1230,825
176,20.307,110.08,70.63332718,47.40491757,1230,825
177,20.307,110.09,70.55247652,47.35065538,1215,840
178,20.307,110.1,70.83217392,47.53837176,1230,840
179,20.307,110.11,70.84046508,47.5439363,1230,840
180,20.307,110.12,70.85529314,47.55388801,1245,840
181,20.307,110.13,70.92579867,47.60120716,1215,840
182,20.307,110.14,71.22349132,47.80100089,1215,840
183,20.307,110.15,72.21188639,48.46435328,1215,825
184,20.307,110.16,72.06171264,48.36356553,1215,825
185,20.307,110.17,71.3524801,47.88757054,1215,840
186,20.307,110.18,71.20948816,47.79160279,1230,840
187,20.307,110.19,72.33326449,48.54581509,1230,840
188,20.307,110.2,73.57287669,49.37776959,1230,825
189,20.307,110.21,73.73146945,49.48420768,1230,840
190,20.307,110.22,73.07028718,49.04046119,1230,840
191,20.307,110.23,72.44066891,48.6178986,1230,840
192,20.307,110.24,73.61573066,49.40653065,1230,840
193,20.307,110.25,74.96652034,50.3131009,1230,855
194,20.307,110.26,75.28778962,50.52871787,1230,840
195,20.307,110.27,74.86559969,50.24536892,1230,840
196,20.307,110.28,74.04271286,49.69309588,1215,840
197,20.307,110.29,75.19138184,50.46401466,1230,840
198,20.307,110.3,76.46913468,51.3215669,1245,840
199,20.307,110.31,76.74112165,51.50410849,1245,855
200,20.307,110.32,76.29282682,51.20323948,1245,840
201,20.307,110.33,75.84275962,50.90118096,1260,855
202,20.307,110.34,76.85670901,51.5816839,1245,855
203,20.307,110.35,77.87245792,52.26339458,1245,855
204,20.307,110.36,77.88218122,52.26992028,1245,870
205,20.307,110.37,77.1676882,51.79039477,1245,855
206,20.307,110.39,78.66897391,52.79796907,1260,840
207,20.307,110.4,78.8873457,52.94452731,1260,855
208,20.317,109.93,68.70479747,46.11060233,1245,870
209,20.317,109.94,68.88562645,46.23196406,1245,870
210,20.317,109.95,69.01339185,46.31771265,1245,870
211,20.317,109.96,69.07107919,46.35642899,1245,885
212,20.317,109.97,69.52684277,46.66231058,1245,885
213,20.317,109.98,69.43054641,46.59768216,1245,855
214,20.317,109.99,69.24385789,46.47238784,1260,840
215,20.317,110,69.32942049,46.52981241,1260,840
216,20.317,110.01,69.73459698,46.80174294,1245,840
217,20.317,110.02,69.97205382,46.96110995,1245,825
218,20.317,110.03,70.02919283,46.99945828,1230,840
219,20.317,110.04,70.31943778,47.19425354,1230,825
220,20.317,110.05,70.05777892,47.01864357,1215,840
221,20.317,110.06,70.0072654,46.98474188,1230,825
222,20.317,110.07,70.46271543,47.29041304,1230,825
223,20.317,110.08,70.62030707,47.39617924,1215,825
224,20.317,110.09,70.5017719,47.31662544,1215,825
225,20.317,110.1,71.0003112,47.65121557,1215,825
226,20.317,110.11,70.61418179,47.39206832,1215,840
227,20.317,110.12,71.0044108,47.65396698,1215,840
228,20.317,110.13,71.01149629,47.65872234,1230,840
229,20.317,110.14,71.1951417,47.7819743,1215,840
230,20.317,110.15,72.32918419,48.54307664,1215,825
231,20.317,110.16,72.35674019,48.5615706,1215,825
232,20.317,110.17,71.53456051,48.00977216,1200,825
233,20.317,110.18,71.36048525,47.89294312,1230,840
234,20.317,110.19,72.18395685,48.44560863,1230,840
235,20.317,110.2,73.10161039,49.06148348,1230,840
236,20.317,110.21,73.95978464,49.63743936,1230,840
237,20.317,110.22,73.61379426,49.40523104,1230,840
238,20.317,110.23,72.35548484,48.56072808,1215,840
239,20.317,110.24,73.343521,49.2238396,1245,840
240,20.317,110.25,74.36728573,49.91093002,1230,855
241,20.317,110.26,75.43327417,50.6263585,1230,870
242,20.317,110.27,75.3800419,50.59063214,1230,840
243,20.317,110.28,74.52161263,50.01450512,1230,840
244,20.317,110.29,74.81919487,50.21422475,1230,840
245,20.317,110.3,75.82890646,50.89188353,1245,840
246,20.317,110.31,76.87547847,51.59428085,1245,855
247,20.317,110.32,76.86791927,51.58920756,1245,855
248,20.317,110.33,76.12475335,51.09043849,1260,840
249,20.317,110.34,76.44423486,51.30485561,1260,855
250,20.317,110.35,77.31922979,51.89210053,1245,855
251,20.317,110.36,78.153389,52.45193893,1245,870
252,20.317,110.37,77.98420403,52.33839197,1245,855
253,20.317,110.38,77.13182912,51.76632827,1260,855
254,20.317,110.39,77.95032276,52.31565286,1260,855
255,20.317,110.4,78.9576198,52.99169114,1260,855
256,20.317,110.41,79.08764202,53.07895438,1275,855
257,20.327,109.93,68.41856842,45.91850229,1245,870
258,20.327,109.94,68.53286418,45.99521086,1245,870
259,20.327,109.95,68.89463826,46.23801226,1245,870
260,20.327,109.96,69.18593666,46.43351454,1245,840
261,20.327,109.97,69.38177283,46.56494821,1245,855
262,20.327,109.98,69.46335832,46.61970357,1245,840
263,20.327,109.99,69.42026049,46.59077885,1245,840
264,20.327,110,69.73686048,46.80326207,1260,840
265,20.327,110.01,69.47436297,46.62708924,1245,825
266,20.327,110.02,69.69637075,46.77608775,1215,825
267,20.327,110.03,70.10264393,47.04875432,1215,840
268,20.327,110.04,70.27337329,47.16333778,1200,840
269,20.327,110.05,70.2141877,47.12361591,1200,810
270,20.327,110.06,70.35939357,47.22106951,1200,810
271,20.327,110.07,70.01528434,46.99012372,1215,825
272,20.327,110.08,70.58795516,47.37446655,1215,825
273,20.327,110.09,70.80164074,47.51787969,1215,825
274,20.327,110.1,71.16047741,47.75870967,1215,810
275,20.327,110.11,70.92735811,47.60225377,1215,825
276,20.327,110.12,70.79501473,47.51343271,1200,840
277,20.327,110.13,71.1753047,47.76866087,1215,840
278,20.327,110.14,71.12807555,47.73696345,1230,840
279,20.327,110.15,72.39672805,48.58840809,1215,825
280,20.327,110.16,72.62390612,48.74087659,1215,825
281,20.327,110.17,72.08563222,48.37961894,1215,825
282,20.327,110.18,71.44963439,47.95277476,1200,840
283,20.327,110.19,71.95760773,48.29369646,1230,840
284,20.327,110.2,72.98678661,48.98442054,1230,840
285,20.327,110.21,74.09675382,49.72936498,1230,825
286,20.327,110.22,74.07361355,49.7138346,1230,840
287,20.327,110.23,73.24677401,49.15890873,1230,840
288,20.327,110.24,72.98290568,48.98181589,1230,840
289,20.327,110.25,74.1075354,49.73660094,1245,840
290,20.327,110.26,75.43023761,50.62432055,1230,855
291,20.327,110.27,75.72085882,50.81936834,1230,855
292,20.327,110.28,75.33878489,50.56294288,1230,840
293,20.327,110.29,74.33946041,49.89225531,1245,840
294,20.327,110.3,75.46356974,50.6466911,1230,840
295,20.327,110.31,76.79458853,51.5399923,1245,855
296,20.327,110.32,77.17088583,51.79254083,1245,855
297,20.327,110.33,76.95659066,51.64871856,1260,855
298,20.327,110.34,76.03819516,51.03234574,1260,855
299,20.327,110.35,76.92044787,51.62446166,1260,855
300,20.327,110.36,78.10649111,52.42046383,1245,870
301,20.327,110.37,78.39458597,52.61381609,1275,870
302,20.327,110.38,78.14337106,52.44521548,1275,855
303,20.327,110.39,77.36463663,51.92257492,1275,855
304,20.327,110.4,78.24770665,52.51523936,1290,870
305,20.327,110.41,79.2017528,53.15553879,1290,870
306,20.327,110.42,79.32199656,53.2362393,1305,885
307,20.327,110.43,78.96905072,52.9993629,1305,885
308,20.337,109.93,69.11955109,46.38896046,1245,885
309,20.337,109.94,69.06287455,46.35092252,1245,840
310,20.337,109.95,68.9277456,46.26023195,1245,840
311,20.337,109.96,68.71617263,46.11823666,1245,825
312,20.337,109.97,69.11731752,46.38746143,1245,840
313,20.337,109.98,69.50003408,46.64431818,1245,825
314,20.337,109.99,69.72660246,46.79637749,1230,825
315,20.337,110,69.78418295,46.83502211,1245,825
316,20.337,110.01,70.12654471,47.06479511,1230,810
317,20.337,110.02,69.88463799,46.9024416,1230,810
318,20.337,110.03,69.61774644,46.72331976,1215,825
319,20.337,110.04,70.19076,47.10789262,1200,840
320,20.337,110.05,70.46701522,47.2932988,1200,825
321,20.337,110.06,70.45884803,47.28781747,1200,825
322,20.337,110.07,70.59094536,47.3764734,1215,810
323,20.337,110.08,70.15799924,47.08590553,1200,810
324,20.337,110.09,70.74280405,47.47839198,1215,825
325,20.337,110.1,71.29317176,47.84776628,1215,810
326,20.337,110.11,71.24660963,47.81651653,1215,825
327,20.337,110.12,70.74756831,47.48158947,1200,825
328,20.337,110.13,71.03776937,47.67635528,1215,840
329,20.337,110.14,71.33788064,47.87777224,1215,840
330,20.337,110.15,71.88198382,48.24294216,1230,840
331,20.337,110.16,72.828124,48.87793557,1215,825
332,20.337,110.17,72.59503037,48.72149689,1215,825
333,20.337,110.18,71.68944263,48.11371988,1200,840
334,20.337,110.19,71.6867279,48.11189792,1215,840
335,20.337,110.2,72.77001609,48.83893697,1230,840
336,20.337,110.21,74.11346747,49.74058219,1230,840
337,20.337,110.22,74.39969851,49.93268356,1230,840
338,20.337,110.23,74.00451139,49.66745731,1230,840
339,20.337,110.24,72.78161321,48.84672028,1230,840
340,20.337,110.25,73.72763477,49.48163407,1230,840
341,20.337,110.26,74.72906413,50.15373431,1245,855
342,20.337,110.27,75.85068635,50.90650091,1230,870
343,20.337,110.28,75.90524478,50.9431173,1230,855
344,20.337,110.29,75.28239469,50.52509711,1245,840
345,20.337,110.3,74.95256187,50.3037328,1245,840
346,20.337,110.31,75.98291392,50.99524424,1260,855
347,20.337,110.32,77.1812129,51.79947174,1245,855
348,20.337,110.33,77.41954712,51.9594276,1260,855
349,20.337,110.34,77.09404884,51.74097238,1260,870
350,20.337,110.35,76.32184749,51.22271644,1260,885
351,20.337,110.36,77.28685565,51.87037292,1275,870
352,20.337,110.37,78.39790513,52.61604371,1275,870
353,20.337,110.38,78.63880408,52.77772086,1290,870
354,20.337,110.39,78.40212953,52.61887888,1290,870
355,20.337,110.4,77.64762363,52.11249908,1290,870
356,20.337,110.41,78.45672776,52.65552199,1290,870
357,20.337,110.42,79.4108816,53.29589369,1290,885
358,20.337,110.43,79.58756938,53.41447609,1305,900
359,20.337,110.44,79.37898194,53.27448452,1305,915
360,20.347,109.92,68.74945644,46.14057479,1230,870
361,20.347,109.93,68.94245812,46.27010612,1230,855
362,20.347,109.94,69.04474207,46.33875307,1245,855
363,20.347,109.95,69.04310053,46.33765136,1245,840
364,20.347,109.96,69.46490255,46.62073997,1245,825
365,20.347,109.97,69.27022481,46.49008377,1230,825
366,20.347,109.98,68.98022562,46.29545344,1215,825
367,20.347,109.99,69.48621984,46.63504688,1215,825
368,20.347,110,69.88055532,46.89970156,1200,825
369,20.347,110.01,70.05281394,47.01531137,1215,810
370,20.347,110.02,70.00653366,46.98425078,1215,810
371,20.347,110.03,70.21288009,47.12273831,1200,810
372,20.347,110.04,69.83042478,46.8660569,1185,825
373,20.347,110.05,70.2882582,47.17332765,1200,825
374,20.347,110.06,70.64290955,47.41134869,1200,825
375,20.347,110.07,70.65956198,47.42252482,1215,825
376,20.347,110.08,70.75949655,47.489595,1200,810
377,20.347,110.09,70.28798591,47.17314491,1200,810
378,20.347,110.1,71.3767339,47.90384825,1200,810
379,20.347,110.11,71.53748007,48.01173159,1215,825
380,20.347,110.12,71.22610046,47.80275199,1215,825
381,20.347,110.13,70.74158601,47.4775745,1200,825
382,20.347,110.14,71.30466715,47.85548131,1215,840
383,20.347,110.15,71.75081778,48.15491126,1230,840
384,20.347,110.16,72.93721447,48.95115065,1230,825
385,20.347,110.17,73.01138934,49.00093244,1215,825
386,20.347,110.18,72.33800786,48.54899856,1215,840
387,20.347,110.19,71.71951372,48.13390183,1200,840
388,20.347,110.2,72.44782312,48.62270008,1230,840
389,20.347,110.21,73.43504963,49.28526821,1230,840
390,20.347,110.22,74.55365264,50.03600848,1230,825
391,20.347,110.23,74.56498455,50.04361379,1230,840
392,20.347,110.24,73.87246642,49.57883652,1245,840
393,20.347,110.25,73.23932615,49.15391017,1245,840
394,20.347,110.26,74.35060519,49.89973503,1245,840
395,20.347,110.27,75.22632843,50.48746874,1245,870
396,20.347,110.28,76.18029507,51.12771481,1245,870
397,20.347,110.29,76.07011189,51.05376637,1245,855
398,20.347,110.3,75.3185767,50.54938034,1245,840
399,20.347,110.31,75.44742659,50.63585677,1245,855
400,20.347,110.32,76.39399654,51.27113862,1275,855
401,20.347,110.33,77.50195926,52.01473776,1275,855
402,20.347,110.34,77.67317154,52.12964533,1275,855
403,20.347,110.35,77.33667356,51.90380776,1290,885
404,20.347,110.36,76.6465585,51.44064329,1290,885
405,20.347,110.37,77.55575357,52.05084132,1290,885
406,20.347,110.38,78.63997799,52.77850871,1290,900
407,20.347,110.39,78.89889958,52.9522816,1290,900
408,20.347,110.4,78.7573478,52.8572804,1290,885
409,20.347,110.41,78.19687346,52.48112313,1290,900
410,20.347,110.42,78.57300418,52.73355985,1290,900
411,20.347,110.43,79.56796123,53.40131626,1290,915
412,20.347,110.44,79.84389731,53.58650826,1305,915
413,20.347,110.57,81.44670862,54.66222055,1305,900
414,20.357,109.91,68.32302984,45.85438244,1245,855
415,20.357,109.92,68.21230532,45.78007069,1230,840
416,20.357,109.93,68.68778093,46.09918183,1230,840
417,20.357,109.94,69.06495953,46.35232183,1245,825
418,20.357,109.95,69.31746839,46.52179087,1245,825
419,20.357,109.96,69.42761984,46.59571801,1230,825
420,20.357,109.97,69.38849867,46.56946219,1200,795
421,20.357,109.98,69.72516935,46.79541567,1200,810
422,20.357,109.99,69.43803457,46.60270777,1200,810
423,20.357,110,69.41646177,46.58822938,1200,825
424,20.357,110.01,69.98123622,46.96727263,1215,810
425,20.357,110.02,70.26429166,47.15724272,1215,810
426,20.357,110.03,70.27482806,47.16431413,1200,810
427,20.357,110.04,70.47055286,47.29567306,1200,825
428,20.357,110.05,70.36389289,47.22408919,1185,810
429,20.357,110.06,70.43183004,47.26968459,1185,825
430,20.357,110.07,70.8206966,47.53066886,1200,825
431,20.357,110.08,70.82379713,47.53274975,1200,825
432,20.357,110.09,70.86493812,47.56036115,1200,810
433,20.357,110.1,70.87631797,47.56799864,1200,825
434,20.357,110.11,71.76445562,48.16406417,1215,810
435,20.357,110.12,71.47745346,47.97144527,1215,825
436,20.357,110.13,71.22666306,47.80312957,1200,825
437,20.357,110.14,71.03157091,47.67219524,1215,825
438,20.357,110.15,71.54377406,48.01595575,1215,840
439,20.357,110.16,72.92629155,48.94381983,1230,840
440,20.357,110.17,73.28992544,49.18786942,1230,825
441,20.357,110.18,73.02583954,49.01063056,1215,825
442,20.357,110.19,71.98786009,48.31400006,1200,855
443,20.357,110.2,72.02669196,48.34006172,1215,855
444,20.357,110.21,73.12136185,49.07473949,1230,840
445,20.357,110.22,74.51399733,50.00939418,1230,840
446,20.357,110.23,74.88271937,50.25685864,1230,840
447,20.357,110.24,74.68185354,50.12204936,1245,840
448,20.357,110.25,73.79907255,49.52957889,1245,840
449,20.357,110.26,73.82678004,49.54817452,1245,840
450,20.357,110.27,74.85855647,50.24064193,1245,870
451,20.357,110.28,76.15354064,51.10975882,1260,870
452,20.357,110.29,76.47221892,51.32363686,1245,870
453,20.357,110.3,76.28488087,51.19790662,1245,870
454,20.357,110.31,75.52175297,50.68574025,1260,855
455,20.357,110.32,75.82814847,50.89137481,1260,855
456,20.357,110.33,76.71280983,51.48510727,1290,855
457,20.357,110.34,77.78158472,52.20240585,1290,870
458,20.357,110.35,77.95619965,52.31959708,1290,885
459,20.357,110.36,77.69740379,52.14590859,1290,885
460,20.357,110.37,76.98621304,51.66859936,1290,900
461,20.357,110.38,77.72882101,52.16699397,1290,900
462,20.357,110.39,78.82798931,52.90469081,1290,915
463,20.357,110.4,79.15348418,53.12314375,1290,915
464,20.357,110.41,79.16027467,53.12770112,1290,900
465,20.357,110.42,78.8438562,52.91533973,1290,900
466,20.357,110.43,78.57741461,52.73651988,1290,900
467,20.357,110.44,79.63384494,53.44553352,1305,915
468,20.357,110.45,80.02267806,53.70649534,1305,915
469,20.357,110.58,81.46223105,54.67263829,1305,900
470,20.367,109.89,68.4916443,45.96754651,1245,855
471,20.367,109.9,68.52974917,45.99312025,1245,840
472,20.367,109.91,69.06063368,46.34941857,1245,840
473,20.367,109.92,68.95071985,46.27565091,1245,825
474,20.367,109.93,68.75637141,46.14521571,1230,825
475,20.367,109.94,68.48590234,45.96369284,1215,825
476,20.367,109.95,69.00719586,46.31355427,1215,825
477,20.367,109.96,69.44530997,46.60759058,1215,825
478,20.367,109.97,69.69273573,46.77364814,1200,810
479,20.367,109.99,70.09163394,47.04136506,1185,810
480,20.367,110,69.81240088,46.85396032,1185,810
481,20.367,110.01,69.40084661,46.5777494,1185,795
482,20.367,110.02,70.08267421,47.03535182,1200,810
483,20.367,110.03,70.45362178,47.28430992,1200,810
484,20.367,110.04,70.49788915,47.31401956,1200,810
485,20.367,110.05,70.66616839,47.42695865,1200,810
486,20.367,110.06,70.52541861,47.33249571,1185,810
487,20.367,110.07,70.63606926,47.40675789,1185,825
488,20.367,110.08,71.00222634,47.6525009,1200,825
489,20.367,110.09,70.94619294,47.61489459,1200,825
490,20.367,110.1,70.89930233,47.58342438,1200,810
491,20.367,110.11,71.89523124,48.25183305,1200,810
492,20.367,110.12,71.91911041,48.26785934,1215,825
493,20.367,110.13,71.29397355,47.84830439,1215,825
494,20.367,110.14,71.134224,47.74108993,1200,825
495,20.367,110.15,71.44572605,47.95015171,1215,840
496,20.367,110.16,72.19192007,48.45095307,1230,840
497,20.367,110.17,73.39806234,49.26044452,1230,825
498,20.367,110.18,73.51377968,49.33810717,1230,825
499,20.367,110.19,72.97754131,48.97821565,1215,840
500,20.367,110.2,71.87271681,48.23672269,1230,855
501,20.367,110.21,72.67344577,48.77412468,1230,855
502,20.367,110.22,73.67811993,49.44840264,1230,840
503,20.367,110.23,74.93660393,50.29302277,1230,855
504,20.367,110.24,75.16146511,50.44393631,1245,855
505,20.367,110.25,74.83498935,50.22482507,1245,840
506,20.367,110.26,73.8823888,49.58549584,1245,840
507,20.367,110.27,74.30211009,49.86718798,1275,855
508,20.367,110.28,75.26443329,50.51304248,1275,870
509,20.367,110.29,76.49049166,51.33590044,1275,870
510,20.367,110.3,76.76457393,51.51984828,1275,885
511,20.367,110.31,76.58787125,51.40125587,1275,885
512,20.367,110.32,75.91864581,50.95211128,1275,870
513,20.367,110.33,76.09791099,51.07242348,1290,870
514,20.367,110.34,76.94577724,51.64146123,1290,885
515,20.367,110.35,78.02337546,52.36468152,1290,885
516,20.367,110.36,78.25864769,52.52258235,1290,915
517,20.367,110.37,78.14231794,52.44450868,1290,915
518,20.367,110.38,77.67055166,52.12788702,1290,915
519,20.367,110.39,77.79476739,52.21125328,1305,915
520,20.367,110.4,78.47189617,52.66570213,1290,915
521,20.367,110.41,79.351776,53.2562255,1290,915
522,20.367,110.42,79.52670463,53.37362727,1290,900
523,20.367,110.43,79.46326989,53.33105362,1290,900
524,20.367,110.44,79.18792163,53.14625613,1290,915
525,20.367,110.45,79.11362165,53.09639037,1305,915
526,20.367,110.46,80.04578201,53.72200135,1305,915
527,20.367,110.58,81.85060127,54.93328944,1305,900
528,20.367,110.59,81.97080445,55.01396272,1305,900
529,20.377,109.88,68.19489104,45.76838325,1245,840
530,20.377,109.89,68.52823387,45.99210327,1245,825
531,20.377,109.9,68.78336467,46.16333199,1245,825
532,20.377,109.91,68.93907367,46.26783468,1245,810
533,20.377,109.92,68.98081943,46.29585197,1245,825
534,20.377,109.93,69.45713509,46.6155269,1215,825
535,20.377,109.94,69.28683341,46.50123048,1185,810
536,20.377,109.95,69.01177572,46.316628,1200,810
537,20.377,109.96,68.84990708,46.20799133,1185,810
538,20.377,109.97,69.49026306,46.63776044,1185,795
539,20.377,109.99,70.02330527,46.99550689,1185,825
540,20.377,110,70.38639557,47.23919166,1185,810
541,20.377,110.01,70.11041671,47.05397094,1185,795
542,20.377,110.02,69.6740711,46.76112154,1200,795
543,20.377,110.03,70.22585146,47.13144393,1185,795
544,20.377,110.04,70.64418811,47.41220679,1200,810
545,20.377,110.05,70.6860783,47.44032101,1200,825
546,20.377,110.06,70.80147537,47.51776871,1200,810
547,20.377,110.07,70.39590799,47.24557583,1185,810
548,20.377,110.08,70.89067121,47.57763168,1170,825
549,20.377,110.09,71.17079382,47.76563343,1200,825
550,20.377,110.1,71.00952152,47.65739699,1200,825
551,20.377,110.11,71.90496918,48.25836858,1200,810
552,20.377,110.12,72.22142623,48.47075586,1215,825
553,20.377,110.13,71.92086277,48.26903541,1215,825
554,20.377,110.14,71.51505753,47.9966829,1215,825
555,20.377,110.15,71.18977247,47.77837078,1215,840
556,20.377,110.16,71.86139501,48.22912417,1230,840
557,20.377,110.17,72.73882487,48.81800327,1230,840
558,20.377,110.18,73.7640132,49.50604913,1230,825
559,20.377,110.19,73.68664819,49.4541263,1230,840
560,20.377,110.2,72.97416035,48.97594654,1230,855
561,20.377,110.21,72.11529815,48.39952896,1230,855
562,20.377,110.22,73.21162868,49.13532126,1245,855
563,20.377,110.23,74.13353303,49.75404901,1245,855
564,20.377,110.24,75.29616125,50.53433641,1245,855
565,20.377,110.25,75.44258599,50.63260804,1245,855
566,20.377,110.26,75.08484365,50.39251251,1245,870
567,20.377,110.27,74.1788336,49.78445208,1260,855
568,20.377,110.28,74.66709381,50.1121435,1290,870
569,20.377,110.29,75.57853034,50.72384587,1290,870
570,20.377,110.3,76.78017723,51.53032029,1290,885
571,20.377,110.31,77.06914776,51.72426024,1275,885
572,20.377,110.32,76.9771846,51.66254,1275,885
573,20.377,110.33,76.48298731,51.33086396,1275,885
574,20.377,110.34,76.25435517,51.17741958,1290,900
575,20.377,110.35,77.08547067,51.73521521,1290,900
576,20.377,110.36,78.20700906,52.48792554,1290,915
577,20.377,110.37,78.53772671,52.7098837,1290,915
578,20.377,110.38,78.59697837,52.74964991,1290,915
579,20.377,110.39,78.38930125,52.61026929,1290,915
580,20.377,110.4,77.94504537,52.31211099,1305,915
581,20.377,110.41,78.43755369,52.64265348,1290,915
582,20.377,110.42,79.42682958,53.30659704,1290,915
583,20.377,110.43,79.75616044,53.52762446,1290,900
584,20.377,110.44,79.91594054,53.63485942,1290,900
585,20.377,110.45,79.92807175,53.64300117,1290,915
586,20.377,110.46,79.82790048,53.57577214,1305,915
587,20.387,109.88,68.19192174,45.76639043,1245,840
588,20.387,109.89,67.97914028,45.62358408,1245,825
589,20.387,109.9,68.40146858,45.90702589,1245,810
590,20.387,109.91,68.85516528,46.21152032,1230,795
591,20.387,109.92,69.17266739,46.42460898,1215,825
592,20.387,109.93,69.33512009,46.53363764,1200,810
593,20.387,109.94,69.33532368,46.53377428,1200,810
594,20.387,109.95,69.7215678,46.79299852,1185,810
595,20.387,109.96,69.45244639,46.61238013,1185,810
596,20.387,110,70.26095811,47.15500544,1170,825
597,20.387,110.01,70.18844877,47.10634146,1185,795
598,20.387,110.02,70.33853723,47.20707197,1185,795
599,20.387,110.03,69.86736369,46.89084811,1200,795
600,20.387,110.04,70.43099884,47.26912674,1185,795
601,20.387,110.05,70.84232853,47.54518693,1200,810
602,20.387,110.06,70.95236244,47.61903519,1200,810
603,20.387,110.07,70.88046339,47.5707808,1200,810
604,20.387,110.08,70.48452461,47.30505007,1185,810
605,20.387,110.09,71.16188401,47.7596537,1200,825
606,20.387,110.1,71.29432947,47.84854327,1200,825
607,20.387,110.11,71.29006629,47.84568207,1200,825
608,20.387,110.12,72.35238474,48.55864747,1200,825
609,20.387,110.13,72.43069942,48.61120766,1215,825
610,20.387,110.14,71.87278724,48.23676996,1215,825
611,20.387,110.15,71.33193012,47.8737786,1215,840
612,20.387,110.16,71.6968387,48.11868369,1230,840
613,20.387,110.17,72.42254295,48.60573352,1230,840
614,20.387,110.18,73.76242349,49.50498221,1230,840
615,20.387,110.19,74.07624128,49.71559818,1230,855
616,20.387,110.2,73.88257445,49.58562044,1245,855
617,20.387,110.21,73.10246604,49.06205775,1230,855
618,20.387,110.22,72.60328626,48.72703776,1245,870
619,20.387,110.23,73.64505517,49.42621152,1260,870
620,20.387,110.24,74.5041465,50.00278289,1260,855
621,20.387,110.25,75.62001564,50.75168835,1275,855
622,20.387,110.26,75.75626086,50.8431281,1275,870
623,20.387,110.27,75.45450026,50.6406042,1275,870
624,20.387,110.28,74.69343668,50.12982328,1275,885
625,20.387,110.29,74.92190481,50.28315759,1290,900
626,20.387,110.3,75.80188697,50.87374964,1290,900
627,20.387,110.31,77.0184228,51.69021665,1290,915
628,20.387,110.32,77.36735117,51.92439676,1275,915
629,20.387,110.33,77.41031216,51.95322964,1275,915
630,20.387,110.34,77.13944565,51.77144003,1275,900
631,20.387,110.35,76.57672825,51.39377735,1290,900
632,20.387,110.36,77.11210232,51.75308881,1290,900
633,20.387,110.37,77.77735793,52.19956908,1290,915
634,20.387,110.38,78.72799845,52.83758285,1290,915
635,20.387,110.39,78.96196097,52.99460468,1290,915
636,20.387,110.4,79.00335929,53.02238878,1290,915
637,20.387,110.41,78.87849358,52.93858629,1305,915
638,20.387,110.42,78.62873024,52.77095989,1290,915
639,20.387,110.43,78.83769942,52.91120766,1290,915
640,20.387,110.44,79.7570637,53.52823067,1290,900
641,20.387,110.45,80.08041789,53.74524691,1290,915
642,20.387,110.46,80.29982555,53.89250037,1290,915
643,20.387,110.47,80.43883274,53.98579378,1305,915
644,20.397,109.88,68.9510914,46.27590027,1230,825
645,20.397,109.89,68.81624691,46.18540061,1245,825
646,20.397,109.9,68.5974551,46.03856047,1215,810
647,20.397,109.91,68.30573015,45.84277191,1200,795
648,20.397,109.92,68.77068477,46.15482199,1200,810
649,20.397,109.93,69.27986892,46.49655632,1185,795
650,20.397,109.94,69.58352463,46.7003521,1185,795
651,20.397,109.95,69.67478405,46.76160003,1185,810
652,20.397,109.96,70.07365797,47.02930065,1185,810
653,20.397,109.97,69.81269819,46.85415986,1185,795
654,20.397,110.01,70.47778657,47.3005279,1170,810
655,20.397,110.02,70.4022922,47.24986054,1185,795
656,20.397,110.03,70.49888294,47.31468654,1200,795
657,20.397,110.04,69.97909284,46.96583412,1185,795
658,20.397,110.05,70.69386109,47.44554435,1185,810
659,20.397,110.06,71.03562868,47.67491858,1200,825
660,20.397,110.07,71.2260458,47.8027153,1200,810
661,20.397,110.08,70.85896931,47.55635524,1200,810
662,20.397,110.09,70.92218475,47.59878171,1200,825
663,20.397,110.1,71.39815142,47.91822243,1200,825
664,20.397,110.11,71.33219936,47.8739593,1200,825
665,20.397,110.12,71.71188465,48.12878164,1200,840
666,20.397,110.13,72.70299806,48.79395843,1215,840
667,20.397,110.14,72.59863506,48.72391615,1215,825
668,20.397,110.15,71.87727197,48.23977985,1215,825
669,20.397,110.16,71.55645555,48.02446681,1230,840
670,20.397,110.17,71.96892056,48.30128896,1245,840
671,20.397,110.18,72.88542951,48.91639564,1230,840
672,20.397,110.19,74.13921576,49.75786293,1245,855
673,20.397,110.2,74.37997352,49.91944531,1245,855
674,20.397,110.21,74.15425614,49.76795714,1245,855
675,20.397,110.22,73.41204905,49.26983158,1245,870
676,20.397,110.23,72.9828737,48.98179443,1275,870
677,20.397,110.24,73.97770253,49.64946479,1275,870
678,20.397,110.25,74.79893199,50.2006255,1275,870
679,20.397,110.26,75.91696035,50.9509801,1275,870
680,20.397,110.27,76.10195175,51.0751354,1275,870
681,20.397,110.28,75.92445124,50.95600754,1275,885
682,20.397,110.29,75.3784989,50.58959658,1290,900
683,20.397,110.3,75.06206177,50.37722266,1290,915
684,20.397,110.31,75.92405885,50.95574419,1290,915
685,20.397,110.32,76.61661673,51.42054814,1290,915
686,20.397,110.33,77.61407236,52.08998145,1275,915
687,20.397,110.34,77.81249154,52.22314868,1275,915
688,20.397,110.35,77.77665377,52.19909649,1290,900
689,20.397,110.36,77.52883682,52.03277639,1290,900
690,20.397,110.37,77.11082298,51.75223019,1290,915
691,20.397,110.38,77.69582401,52.14484833,1290,915
692,20.397,110.39,78.75838708,52.85797791,1290,915
693,20.397,110.4,79.13565323,53.11117666,1290,915
694,20.397,110.41,79.37732004,53.27336915,1305,915
695,20.397,110.42,79.50306185,53.35775963,1290,915
696,20.397,110.43,79.54227563,53.38407761,1290,915
697,20.397,110.44,79.53007188,53.37588716,1290,900
698,20.397,110.45,79.50292118,53.35766522,1290,900
699,20.397,110.46,79.49450313,53.35201552,1290,915
700,20.397,110.47,80.21745869,53.8372206,1305,915
701,20.407,109.87,68.72848994,46.12650332,1230,840
702,20.407,109.9,69.33111492,46.53094961,1200,810
703,20.407,109.91,69.12523638,46.3927761,1200,810
704,20.407,109.92,68.81959691,46.18764893,1200,795
705,20.407,109.93,68.61415752,46.04977015,1185,795
706,20.407,109.94,69.32507014,46.52689271,1185,795
707,20.407,110.02,70.68275844,47.43809291,1170,810
708,20.407,110.03,70.56738249,47.36065939,1185,795
709,20.407,110.04,70.58747258,47.37414267,1200,795
710,20.407,110.05,70.23496439,47.13755999,1185,795
711,20.407,110.06,70.98608766,47.64166957,1200,825
712,20.407,110.07,71.39942509,47.91907724,1200,810
713,20.407,110.08,71.39415863,47.9155427,1200,810
714,20.407,110.09,70.7555163,47.48692369,1200,825
715,20.407,110.1,71.32724466,47.870634,1215,825
716,20.407,110.11,71.53960134,48.01315526,1200,825
717,20.407,110.12,71.50842679,47.99223274,1200,840
718,20.407,110.13,72.7241811,48.80817524,1215,840
719,20.407,110.14,73.00739092,48.99824894,1215,840
720,20.407,110.15,72.79557084,48.85608781,1215,825
721,20.407,110.16,72.01541741,48.33249491,1230,840
722,20.407,110.17,72.00164095,48.32324896,1245,840
723,20.407,110.18,72.37752024,48.57551694,1245,840
724,20.407,110.19,73.26281945,49.16967748,1260,855
725,20.407,110.2,74.47304144,49.981907,1260,855
726,20.407,110.21,74.70082683,50.13478311,1275,870
727,20.407,110.22,74.52132112,50.01430948,1260,885
728,20.407,110.23,73.90653545,49.60170164,1275,885
729,20.407,110.24,73.25139726,49.16201158,1275,885
730,20.407,110.25,74.20875144,49.80453117,1275,900
731,20.407,110.26,75.01415568,50.34507093,1275,885
732,20.407,110.27,76.17353355,51.12317688,1275,900
733,20.407,110.28,76.44762162,51.3071286,1275,900
734,20.407,110.29,76.43562634,51.29907808,1275,915
735,20.407,110.3,76.14057778,51.10105891,1290,915
736,20.407,110.31,75.59186162,50.73279303,1290,915
737,20.407,110.32,75.92595774,50.95701862,1290,915
738,20.407,110.33,76.6442854,51.43911772,1290,915
739,20.407,110.34,77.74882526,52.18041964,1275,915
740,20.407,110.35,78.09292461,52.4113588,1275,915
741,20.407,110.36,78.26861889,52.52927442,1290,900
742,20.407,110.37,78.29486681,52.54689048,1290,900
743,20.407,110.38,78.20409695,52.48597111,1290,915
744,20.407,110.39,78.03801295,52.37450534,1290,915
745,20.407,110.4,78.03465892,52.37225431,1290,915
746,20.407,110.41,78.535908,52.70866309,1290,915
747,20.407,110.42,79.41128689,53.2961657,1305,915
748,20.407,110.43,79.69791536,53.4885338,1290,915
749,20.407,110.44,79.91790255,53.63617621,1290,915
750,20.407,110.45,80.09183543,53.75290969,1290,900
751,20.407,110.46,80.2399723,53.8523304,1290,915
752,20.407,110.47,80.37940043,53.94590633,1290,915
753,20.407,110.48,80.52174893,54.04144224,1305,915
754,20.417,109.9,69.2523711,46.47810141,1185,795
755,20.417,109.91,69.74396423,46.80802969,1185,795
756,20.417,109.92,69.56394967,46.68721454,1185,810
757,20.417,109.93,69.25221209,46.47799469,1185,810
758,20.417,110.02,70.6704574,47.42983718,1170,795
759,20.417,110.03,70.86895977,47.56306025,1185,810
760,20.417,110.04,71.05914393,47.69070062,1200,810
761,20.417,110.05,70.59484296,47.37908924,1200,795
762,20.417,110.06,70.69084081,47.44351732,1185,810
763,20.417,110.07,71.38367011,47.90850343,1200,825
764,20.417,110.08,71.71504589,48.13090328,1200,810
765,20.417,110.09,71.53290337,48.00865998,1200,810
766,20.417,110.1,71.10370356,47.72060641,1215,825
767,20.417,110.11,71.61806683,48.06581667,1215,825
768,20.417,110.12,71.53037417,48.00696253,1215,825
769,20.417,110.13,71.86629052,48.23240975,1215,840
770,20.417,110.14,73.0923501,49.05526852,1215,855
771,20.417,110.15,73.30846118,49.20030952,1230,870
772,20.417,110.16,73.07053962,49.04063062,1230,840
773,20.417,110.17,72.33240364,48.54523734,1230,840
774,20.417,110.18,72.07725503,48.37399667,1260,855
775,20.417,110.19,72.71295615,48.80064171,1275,855
776,20.417,110.2,73.56134456,49.3700299,1275,855
777,20.417,110.21,74.7707235,50.18169363,1275,870
778,20.417,110.22,75.03757185,50.36078648,1275,885
779,20.417,110.23,74.96569591,50.31254759,1260,885
780,20.417,110.24,74.54243803,50.0284819,1275,900
781,20.417,110.25,73.78724949,49.52164395,1275,915
782,20.417,110.26,74.33073807,49.88640139,1275,915
783,20.417,110.27,75.13321701,50.42497786,1275,900
784,20.417,110.28,76.35683554,51.24619835,1275,900
785,20.417,110.29,76.73647161,51.50098766,1275,900
786,20.417,110.3,76.90046455,51.61105003,1290,915
787,20.417,110.31,76.85581349,51.58108288,1290,915
788,20.417,110.32,76.62909472,51.42892263,1290,915
789,20.417,110.33,76.26293121,51.18317531,1290,915
790,20.417,110.34,76.51775605,51.35419869,1275,915
791,20.417,110.35,77.13485126,51.76835655,1275,915
792,20.417,110.36,78.16650643,52.46074257,1275,915
793,20.417,110.37,78.50201752,52.6859178,1290,900
794,20.417,110.38,78.73221048,52.84040972,1290,915
795,20.417,110.39,78.87927054,52.93910775,1290,915
796,20.417,110.4,78.97080177,53.0005381,1290,915
797,20.417,110.41,79.03617287,53.04441132,1290,915
798,20.417,110.42,79.10294593,53.08922546,1290,915
799,20.417,110.43,79.19375593,53.15017177,1305,915
800,20.417,110.44,79.32388402,53.23750605,1290,915
801,20.417,110.45,79.49966342,53.35547881,1290,915
802,20.417,110.46,79.71778394,53.50186841,1290,900
803,20.417,110.47,80.16597746,53.80266944,1290,915
804,20.417,110.48,80.33218899,53.9142208,1290,915
805,20.417,110.49,80.46412993,54.00277176,1305,915
806,20.417,110.5,80.64779743,54.12603854,1305,915
807,20.427,109.91,69.54671267,46.67564608,1185,795
808,20.427,110.02,70.53964259,47.34204201,1170,810
809,20.427,110.03,70.92859405,47.60308325,1170,810
810,20.427,110.04,71.01469181,47.66086698,1185,810
811,20.427,110.05,71.07557598,47.70172884,1200,810
812,20.427,110.06,70.50892206,47.3214242,1200,795
813,20.427,110.07,71.13652874,47.74263674,1200,825
814,20.427,110.08,71.78279548,48.17637281,1200,825
815,20.427,110.09,71.99443955,48.3184158,1200,825
816,20.427,110.1,71.71157822,48.12857598,1215,825
817,20.427,110.11,71.58591184,48.04423614,1215,825
818,20.427,110.12,71.72143945,48.13519426,1230,825
819,20.427,110.13,71.56228169,48.02837697,1230,840
820,20.427,110.14,72.23542235,48.48014923,1230,840
821,20.427,110.15,73.42250775,49.27685084,1245,870
822,20.427,110.16,73.62974418,49.41593569,1245,870
823,20.427,110.17,73.44073096,49.28908118,1260,855
824,20.427,110.18,72.82978151,48.87904799,1275,870
825,20.427,110.19,71.98767448,48.31387549,1275,870
826,20.427,110.2,72.94767558,48.95817153,1275,885
827,20.427,110.21,73.77709426,49.51482836,1275,885
828,20.427,110.22,75.01999582,50.34899048,1275,915
829,20.427,110.23,75.36150669,50.57819241,1275,915
830,20.427,110.24,75.43441115,50.62712158,1260,915
831,20.427,110.25,75.2355912,50.49368537,1275,915
832,20.427,110.26,74.78698777,50.19260924,1275,915
833,20.427,110.27,74.33149124,49.88690687,1275,915
834,20.427,110.28,75.13153178,50.42384683,1275,900
835,20.427,110.29,75.80422856,50.87532118,1275,900
836,20.427,110.3,76.90026803,51.61091814,1275,915
837,20.427,110.31,77.22102901,51.82619397,1290,915
838,20.427,110.32,77.39289518,51.94154039,1290,915
839,20.427,110.33,77.43697376,51.97112333,1290,915
840,20.427,110.34,77.38522564,51.93639305,1290,915
841,20.427,110.35,77.27644992,51.86338921,1275,915
842,20.427,110.36,77.15189047,51.77979226,1275,915
843,20.427,110.37,77.39799814,51.94496519,1290,915
844,20.427,110.38,77.85902501,52.2543792,1290,900
845,20.427,110.39,78.75333524,52.85458741,1290,915
846,20.427,110.4,79.03704418,53.04499609,1290,915
847,20.427,110.41,79.27042471,53.20162732,1290,915
848,20.427,110.42,79.46895429,53.33486865,1290,915
849,20.427,110.43,79.64591975,53.45363742,1290,915
850,20.427,110.44,79.81045616,53.56406453,1305,915
851,20.427,110.45,79.96621187,53.66859857,1290,915
852,20.427,110.46,80.11075489,53.76560731,1290,915
853,20.427,110.47,80.23576782,53.8495086,1290,915
854,20.427,110.48,80.3280178,53.91142134,1290,915
855,20.427,110.49,80.37102433,53.94028478,1290,915
856,20.427,110.5,80.3472762,53.92434644,1305,915
857,20.427,110.51,79.89357028,53.61984583,1305,915
858,20.437,110.02,70.53962619,47.342031,1170,810
859,20.437,110.03,70.82743049,47.53518825,1170,810
860,20.437,110.04,71.16366876,47.76085152,1185,810
861,20.437,110.05,71.08803356,47.71008964,1200,810
862,20.437,110.06,70.99456887,47.64736166,1200,810
863,20.437,110.07,70.84887116,47.54957796,1215,810
864,20.437,110.08,71.49069294,47.98033083,1215,825
865,20.437,110.09,72.13090459,48.41000308,1200,825
866,20.437,110.1,72.28021397,48.51021072,1215,840
867,20.437,110.11,71.97760057,48.30711447,1215,840
868,20.437,110.12,71.83125033,48.20889284,1245,840
869,20.437,110.13,71.79487315,48.18447863,1230,840
870,20.437,110.14,71.71101464,48.12819774,1245,840
871,20.437,110.15,72.53067235,48.67830359,1260,870
872,20.437,110.16,73.72049962,49.47684538,1260,870
873,20.437,110.17,73.96894827,49.64358945,1260,885
874,20.437,110.18,73.8875153,49.58893644,1260,870
875,20.437,110.19,73.46470641,49.30517209,1275,885
876,20.437,110.2,72.71973165,48.80518903,1275,885
877,20.437,110.21,73.07494243,49.04358553,1275,900
878,20.437,110.22,73.89553162,49.59431652,1275,900
879,20.437,110.23,74.5637747,50.04280181,1275,915
880,20.437,110.24,75.62252995,50.75337581,1275,915
881,20.437,110.25,75.84962655,50.90578963,1275,915
882,20.437,110.26,75.8751061,50.92289,1275,915
883,20.437,110.27,75.71951424,50.81846594,1275,915
884,20.437,110.28,75.41936704,50.61702486,1275,915
885,20.437,110.29,75.02272163,50.35081989,1275,900
886,20.437,110.3,75.67966778,50.79172334,1275,900
887,20.437,110.31,76.26706171,51.18594746,1275,915
888,20.437,110.32,77.31160725,51.88698473,1290,915
889,20.437,110.33,77.64088975,52.10797969,1290,915
890,20.437,110.34,77.87914337,52.26788146,1290,915
891,20.437,110.35,78.04748544,52.38086271,1290,915
892,20.437,110.36,78.17078273,52.46361257,1275,915
893,20.437,110.37,78.274398,52.53315302,1275,915
894,20.437,110.38,78.38112693,52.60478317,1290,900
895,20.437,110.39,78.50861591,52.69034625,1290,915
896,20.437,110.4,78.66744759,52.79694469,1290,915
897,20.437,110.41,78.85999771,52.92617296,1290,915
898,20.437,110.42,79.0801108,53.07389986,1290,915
899,20.437,110.43,79.31360634,53.23060828,1290,915
900,20.437,110.44,79.53959779,53.38228039,1305,915
901,20.437,110.45,79.73256827,53.51179079,1305,915
902,20.437,110.46,79.86508645,53.60072916,1290,915
903,20.437,110.47,79.91095862,53.63151586,1290,900
904,20.437,110.48,79.8485076,53.58960241,1290,915
905,20.437,110.49,79.34768005,53.25347654,1290,915
906,20.437,110.5,79.03698996,53.04495971,1305,915
907,20.437,110.51,78.80295498,52.88788925,1305,915
908,20.447,110.09,71.67584975,48.10459714,1230,825
909,20.447,110.1,72.44961114,48.62390009,1230,840
910,20.447,110.11,72.59518949,48.72160368,1245,840
911,20.447,110.12,72.34688165,48.55495413,1245,855
912,20.447,110.13,71.78193424,48.17579479,1275,855
913,20.447,110.14,71.50435736,47.98950158,1260,870
914,20.447,110.15,72.07493328,48.37243844,1260,885
915,20.447,110.16,72.74780081,48.82402739,1260,900
916,20.447,110.17,73.97377724,49.64683036,1260,900
917,20.447,110.18,74.29762374,49.86417701,1260,915
918,20.447,110.19,74.35928137,49.90555797,1275,900
919,20.447,110.2,74.15605528,49.76916461,1275,900
920,20.447,110.21,73.70925193,49.4692966,1275,900
921,20.447,110.22,73.08457688,49.0500516,1275,900
922,20.447,110.23,73.8957901,49.59449,1275,915
923,20.447,110.24,74.59288772,50.06234075,1275,915
924,20.447,110.25,75.76103629,50.84633308,1275,915
925,20.447,110.26,76.12489702,51.09053492,1275,915
926,20.447,110.27,76.34408868,51.23764341,1275,915
927,20.447,110.28,76.43517045,51.29877212,1275,915
928,20.447,110.29,76.42568716,51.29240749,1275,900
929,20.447,110.3,76.3506391,51.24203966,1275,900
930,20.447,110.31,76.2484565,51.17346074,1275,915
931,20.447,110.32,76.15701097,51.1120879,1290,915
932,20.447,110.33,76.50653693,51.34666908,1290,915
933,20.447,110.34,76.95562284,51.64806902,1290,915
934,20.447,110.35,77.88155165,52.26949775,1290,915
935,20.447,110.36,78.16874712,52.46224639,1290,915
936,20.447,110.37,78.41081951,52.62471108,1275,915
937,20.447,110.38,78.62039407,52.76536515,1275,915
938,20.447,110.39,78.80760338,52.89100898,1290,900
939,20.447,110.4,78.97854154,53.00573258,1290,915
940,20.447,110.41,79.13431405,53.11027789,1290,915
941,20.447,110.42,79.27076562,53.20185612,1290,915
942,20.447,110.43,79.37890899,53.27443557,1290,915
943,20.447,110.44,79.44602145,53.31947748,1290,915
944,20.447,110.45,79.45731511,53.32705712,1305,915
945,20.447,110.46,79.01259024,53.02858406,1290,915
946,20.447,110.47,78.87408448,52.93562717,1290,915
947,20.447,110.48,78.64383123,52.78109478,1290,900
948,20.447,110.49,78.32004387,52.56378783,1290,915
949,20.447,110.5,77.90776234,52.28708882,1290,915
950,20.447,110.51,77.46823225,51.99210218,1305,915
951,20.447,110.52,77.16853289,51.79096167,1305,915
952,20.457,110.09,71.74927163,48.15387358,1230,825
953,20.457,110.1,71.63430729,48.0767163,1260,840
954,20.457,110.11,72.74449948,48.82181173,1260,840
955,20.457,110.12,72.93648178,48.95065891,1260,855
956,20.457,110.13,72.80033763,48.859287,1275,855
957,20.457,110.14,72.32815208,48.54238394,1275,870
958,20.457,110.15,72.10521174,48.39275955,1260,870
959,20.457,110.16,72.07504354,48.37251245,1260,915
960,20.457,110.17,72.87226769,48.90756221,1260,915
961,20.457,110.18,74.15397659,49.76776952,1260,915
962,20.457,110.19,74.56700888,50.0449724,1260,915
963,20.457,110.2,74.78089267,50.18851857,1275,900
964,20.457,110.21,74.79742578,50.19961462,1275,900
965,20.457,110.22,74.63645959,50.09158362,1275,900
966,20.457,110.23,74.33320123,49.88805452,1275,900
967,20.457,110.24,73.93399344,49.62012983,1275,915
968,20.457,110.25,74.46712258,49.97793462,1275,915
969,20.457,110.26,75.07713602,50.38733961,1275,915
970,20.457,110.27,76.18530333,51.13107606,1275,915
971,20.457,110.28,76.5445274,51.37216604,1275,915
972,20.457,110.29,76.81239905,51.55194567,1275,915
973,20.457,110.3,77.00715593,51.68265498,1275,900
974,20.457,110.31,77.15138535,51.77945325,1275,900
975,20.457,110.32,77.26902769,51.85840785,1275,915
976,20.457,110.33,77.38246201,51.93453826,1290,915
977,20.457,110.34,77.50996582,52.02011129,1290,915
978,20.457,110.35,77.66374346,52.12331776,1290,915
979,20.457,110.36,77.8486357,52.24740651,1290,915
980,20.457,110.37,78.06156571,52.39031255,1290,915
981,20.457,110.38,78.29174069,52.54479241,1275,915
982,20.457,110.39,78.52160278,52.69906227,1290,915
983,20.457,110.4,78.72849434,52.83791566,1290,915
984,20.457,110.41,78.88695721,52.94426659,1290,915
985,20.457,110.42,78.97151629,53.00101765,1290,915
986,20.457,110.43,78.95970644,52.99309157,1290,915
987,20.457,110.44,78.50112677,52.68531998,1290,915
988,20.457,110.45,78.25631995,52.5210201,1290,915
989,20.457,110.46,77.95219692,52.31691068,1305,915
990,20.457,110.47,77.72735854,52.16601244,1290,915
991,20.457,110.48,77.42992796,51.96639461,1290,915
992,20.457,110.49,77.06462702,51.72122619,1290,915
993,20.457,110.5,76.64000687,51.43624622,1290,915
994,20.457,110.51,76.16746492,51.11910397,1290,915
995,20.457,110.52,75.82352712,50.88827324,1305,915
996,20.467,110.1,71.8091787,48.19407966,1260,855
997,20.467,110.11,71.84180684,48.21597774,1260,870
998,20.467,110.12,73.00262537,48.99505058,1260,870
999,20.467,110.13,73.27536104,49.17809466,1260,885
1000,20.467,110.14,73.28669219,49.18569946,1275,900
1001,20.467,110.15,73.03647031,49.01776531,1275,900
1002,20.467,110.16,72.54776566,48.68977561,1260,915
1003,20.467,110.17,72.09284477,48.38445958,1260,915
1004,20.467,110.18,72.8834155,48.91504396,1260,915
1005,20.467,110.19,73.561349,49.37003289,1260,915
1006,20.467,110.2,74.71925841,50.1471533,1260,915
1007,20.467,110.21,75.06891741,50.38182376,1275,900
1008,20.467,110.22,75.27641957,50.52108696,1275,900
1009,20.467,110.23,75.35779426,50.57570085,1275,900
1010,20.467,110.24,75.33972612,50.56357458,1275,915
1011,20.467,110.25,75.25619741,50.50751504,1275,915
1012,20.467,110.26,75.14466179,50.43265892,1275,915
1013,20.467,110.27,75.04225144,50.36392714,1290,915
1014,20.467,110.28,75.3370756,50.5617957,1275,915
1015,20.467,110.29,75.80639923,50.87677801,1275,915
1016,20.467,110.3,76.78599525,51.534225,1275,915
1017,20.467,110.31,77.09153375,51.73928439,1275,900
1018,20.467,110.32,77.34974232,51.91257874,1275,915
1019,20.467,110.33,77.57278544,52.06227211,1275,915
1020,20.467,110.34,77.77105538,52.19533918,1290,915
1021,20.467,110.35,77.95159478,52.31650656,1290,915
1022,20.467,110.36,78.11702813,52.42753565,1290,915
1023,20.467,110.37,78.26509505,52.52690943,1290,915
1024,20.467,110.38,78.38882316,52.60994843,1290,915
1025,20.467,110.39,78.4773284,52.66934792,1275,915
1026,20.467,110.4,78.51717871,52.69609309,1290,915
1027,20.467,110.41,78.17755079,52.46815489,1290,915
1028,20.467,110.42,77.99321007,52.34443629,1290,915
1029,20.467,110.43,77.81280509,52.22335912,1290,915
1030,20.467,110.44,77.5424013,52.04188006,1290,915
1031,20.467,110.45,77.18409476,51.80140588,1290,915
1032,20.467,110.46,76.74635014,51.50761755,1290,915
1033,20.467,110.47,76.39955392,51.2748684,1305,915
1034,20.467,110.48,76.10392086,51.07645695,1290,915
1035,20.467,110.49,75.75851804,50.84464298,1290,915
1036,20.467,110.5,75.37121549,50.58470838,1290,915
1037,20.467,110.51,74.9501619,50.30212208,1290,915
1038,20.467,110.52,74.58861727,50.05947468,1290,915
1039,20.477,110.1,71.93078203,48.27569264,1260,870
1040,20.477,110.11,71.75125841,48.15520699,1260,870
1041,20.477,110.12,71.97258679,48.30374952,1260,900
1042,20.477,110.13,73.19511095,49.12423554,1260,900
1043,20.477,110.14,73.56290173,49.37107499,1275,900
1044,20.477,110.15,73.73142181,49.48417571,1275,900
1045,20.477,110.16,73.70428419,49.46596254,1275,900
1046,20.477,110.17,73.50261074,49.33061124,1260,915
1047,20.477,110.18,73.16222706,49.10216581,1260,915
1048,20.477,110.19,72.76167369,48.83333805,1260,915
1049,20.477,110.2,73.45403525,49.29801024,1260,915
1050,20.477,110.21,74.0489423,49.69727671,1275,915
1051,20.477,110.22,75.15052082,50.43659115,1275,900
1052,20.477,110.23,75.49793746,50.66975669,1275,900
1053,20.477,110.24,75.75534475,50.84251325,1275,900
1054,20.477,110.25,75.94059291,50.96684088,1275,915
1055,20.477,110.26,76.07588057,51.05763797,1275,915
1056,20.477,110.27,76.18489354,51.13080103,1275,915
1057,20.477,110.28,76.29001167,51.20135012,1290,915
1058,20.477,110.29,76.40985758,51.28178361,1275,915
1059,20.477,110.3,76.55736803,51.38078391,1275,915
1060,20.477,110.31,76.73849132,51.50234317,1275,915
1061,20.477,110.32,76.95156021,51.64534242,1275,900
1062,20.477,110.33,77.18735814,51.80359607,1275,915
1063,20.477,110.34,77.42987735,51.96636064,1290,915
1064,20.477,110.35,77.65774707,52.11929334,1290,915
1065,20.477,110.36,77.84627573,52.24582264,1290,915
1066,20.477,110.37,77.96999417,52.32885515,1290,915
1067,20.477,110.38,78.0055062,52.35268872,1290,915
1068,20.477,110.39,77.93435947,52.30493924,1275,915
1069,20.477,110.4,77.40655257,51.95070643,1275,915
1070,20.477,110.41,77.09889296,51.74422346,1290,915
1071,20.477,110.42,76.89924164,51.61022929,1290,915
1072,20.477,110.43,76.64629686,51.44046769,1290,915
1073,20.477,110.44,76.32555631,51.22520558,1290,915
1074,20.477,110.45,75.94370202,50.96892753,1290,915
1075,20.477,110.46,75.51056388,50.67823079,1290,915
1076,20.477,110.47,75.06517945,50.37931507,1305,915
1077,20.477,110.48,74.80473971,50.2045233,1305,915
1078,20.477,110.49,74.50633337,50.00425058,1290,915
1079,20.477,110.5,74.19208981,49.79334886,1290,915
1080,20.477,110.51,73.847133,49.56183423,1290,915
1081,20.477,110.52,73.47419914,49.31154305,1290,915
1082,20.477,110.53,73.24552154,49.15806815,1290,915
1083,20.487,110.1,72.01424569,48.33170852,1260,900
1084,20.487,110.11,71.8973253,48.25323846,1260,915
1085,20.487,110.12,71.87121792,48.23571673,1260,900
1086,20.487,110.13,72.15834198,48.42841743,1260,900
1087,20.487,110.14,72.6363662,48.74923906,1260,900
1088,20.487,110.15,73.74073365,49.49042527,1275,900
1089,20.487,110.16,74.05117367,49.69877427,1275,900
1090,20.487,110.17,74.22011694,49.81215902,1275,915
1091,20.487,110.18,74.2646076,49.84201852,1260,915
1092,20.487,110.19,74.21196493,49.80668787,1260,915
1093,20.487,110.2,74.09646163,49.72916888,1260,915
1094,20.487,110.21,73.95560263,49.63463264,1260,915
1095,20.487,110.22,73.82647754,49.5479715,1275,915
1096,20.487,110.23,74.32510139,49.88261838,1275,900
1097,20.487,110.24,74.78514659,50.19137355,1275,900
1098,20.487,110.25,75.76366813,50.84809942,1275,915
1099,20.487,110.26,76.06260078,51.04872536,1275,915
1100,20.487,110.27,76.31561937,51.21853649,1275,915
1101,20.487,110.28,76.53507994,51.36582546,1275,915
1102,20.487,110.29,76.73175399,51.49782147,1275,915
1103,20.487,110.3,76.91326784,51.61964285,1275,915
1104,20.487,110.31,77.08300886,51.73356299,1275,915
1105,20.487,110.32,77.23958766,51.83864944,1275,915
1106,20.487,110.33,77.37689691,51.9308033,1275,915
1107,20.487,110.34,77.48476323,52.0031968,1275,915
1108,20.487,110.35,77.55014534,52.04707741,1290,915
1109,20.487,110.36,77.55878111,52.05287323,1290,915
1110,20.487,110.37,77.08898107,51.73757119,1290,915
1111,20.487,110.38,76.94939456,51.64388897,1290,915
1112,20.487,110.39,76.72191721,51.4912196,1290,915
1113,20.487,110.4,76.40637546,51.27944662,1275,915
1114,20.487,110.41,76.00890511,51.012688,1275,915
1115,20.487,110.42,75.60381151,50.7408131,1290,915
1116,20.487,110.43,75.34603577,50.56780924,1290,915
1117,20.487,110.44,75.03729295,50.36059929,1290,915
1118,20.487,110.45,74.68461826,50.12390487,1290,915
1119,20.487,110.46,74.2957647,49.86292933,1290,915
1120,20.487,110.47,73.88242087,49.58551736,1290,915
1121,20.487,110.48,73.63141492,49.41705699,1305,915
1122,20.487,110.49,73.39161138,49.25611502,1290,915
1123,20.487,110.5,73.11731608,49.07202422,1290,915
1124,20.487,110.51,72.81032583,48.86599049,1290,915
1125,20.487,110.52,72.47202184,48.63894083,1290,915
1126,20.497,110.1,72.73804521,48.81748001,1260,900
1127,20.497,110.11,72.67262696,48.77357514,1260,915
1128,20.497,110.12,72.43263912,48.61250948,1260,915
1129,20.497,110.13,72.20457407,48.45944569,1260,915
1130,20.497,110.14,71.96544976,48.29895957,1260,900
1131,20.497,110.15,72.55336723,48.69353505,1260,900
1132,20.497,110.16,73.11619006,49.0712685,1275,900
1133,20.497,110.17,74.1718449,49.77976168,1275,900
1134,20.497,110.18,74.48778931,49.99180491,1275,915
1135,20.497,110.19,74.71488511,50.14421819,1260,915
1136,20.497,110.2,74.87169529,50.24945993,1260,915
1137,20.497,110.21,74.98097552,50.32280236,1260,915
1138,20.497,110.22,75.06687769,50.38045482,1275,915
1139,20.497,110.23,75.15224021,50.43774511,1275,915
1140,20.497,110.24,75.25621707,50.50752823,1275,900
1141,20.497,110.25,75.39240737,50.59893112,1275,900
1142,20.497,110.26,75.56757351,50.71649229,1275,915
1143,20.497,110.27,75.78098687,50.85972273,1275,915
1144,20.497,110.28,76.02441384,51.02309654,1275,915
1145,20.497,110.29,76.28274235,51.19647137,1290,915
1146,20.497,110.3,76.53523724,51.36593104,1275,915
1147,20.497,110.31,76.75738849,51.51502583,1275,915
1148,20.497,110.32,76.92326949,51.62635536,1275,915
1149,20.497,110.33,77.00825162,51.68339035,1275,915
1150,20.497,110.34,76.99183159,51.6723702,1275,915
1151,20.497,110.35,76.52465332,51.35882773,1275,915
1152,20.497,110.36,76.27270259,51.18973328,1290,915
1153,20.497,110.37,76.06703396,51.05170065,1290,915
1154,20.497,110.38,75.8462516,50.90352456,1290,915
1155,20.497,110.39,75.55753038,50.70975193,1290,915
1156,20.497,110.4,75.20611559,50.47390308,1290,915
1157,20.497,110.41,74.80066532,50.2017888,1275,915
1158,20.497,110.42,74.35218723,49.9007968,1290,915
1159,20.497,110.43,74.06035698,49.70493757,1290,915
1160,20.497,110.44,73.79093524,49.52411761,1290,915
1161,20.497,110.45,73.49777654,49.32736681,1290,915
1162,20.497,110.46,73.18284042,49.11600028,1290,915
1163,20.497,110.47,72.83955908,48.88561012,1290,915
1164,20.497,110.48,72.55095647,48.69191709,1290,915
1165,20.497,110.49,72.33792413,48.54894237,1305,915
1166,20.497,110.5,72.08965527,48.38231898,1290,915
1167,20.497,110.51,71.80785086,48.1931885,1290,915
1168,20.497,110.52,71.4945548,47.98292268,1290,915
1169,20.507,110.1,72.79804798,48.85775032,1260,900
1170,20.507,110.11,73.07356833,49.04266331,1260,915
1171,20.507,110.12,73.20659318,49.13194173,1260,915
1172,20.507,110.13,73.21457926,49.13730152,1260,915
1173,20.507,110.14,73.12514528,49.07727871,1260,915
1174,20.507,110.15,72.97279976,48.97503339,1260,900
1175,20.507,110.16,72.79529977,48.85590589,1275,900
1176,20.507,110.17,72.89193015,48.92075849,1275,900
1177,20.507,110.18,73.40347787,49.26407911,1275,900
1178,20.507,110.19,73.83964336,49.55680762,1260,915
1179,20.507,110.2,74.78354945,50.19030165,1260,915
1180,20.507,110.21,75.06258403,50.37757318,1260,915
1181,20.507,110.22,75.2983126,50.53578027,1260,915
1182,20.507,110.23,75.50374469,50.67365416,1275,915
1183,20.507,110.24,75.69029611,50.79885645,1275,915
1184,20.507,110.25,75.86624312,50.91694169,1275,900
1185,20.507,110.26,76.0356208,51.03061799,1275,915
1186,20.507,110.27,76.19764718,51.13936052,1275,915
1187,20.507,110.28,76.3467117,51.23940383,1275,915
1188,20.507,110.29,76.47292939,51.32411369,1275,915
1189,20.507,110.3,76.56322576,51.38471528,1290,915
1190,20.507,110.31,76.60287485,51.4113254,1275,915
1191,20.507,110.32,76.1750605,51.12420168,1275,915
1192,20.507,110.33,76.07467143,51.05682647,1275,915
1193,20.507,110.34,75.88800492,50.93154693,1275,915
1194,20.507,110.35,75.61263774,50.74673674,1275,915
1195,20.507,110.36,75.25244959,50.50499972,1275,915
1196,20.507,110.37,74.81744168,50.21304811,1290,915
1197,20.507,110.38,74.58164348,50.05479428,1290,915
1198,20.507,110.39,74.29625522,49.86325854,1290,915
1199,20.507,110.4,73.96553761,49.64130041,1290,915
1200,20.507,110.41,73.59699186,49.39395427,1290,915
1201,20.507,110.42,73.1981457,49.12627228,1275,915
1202,20.507,110.43,72.88791668,48.91806489,1290,930
1203,20.507,110.44,72.67724817,48.77667663,1290,915
1204,20.507,110.45,72.43213522,48.61217129,1290,915
1205,20.507,110.46,72.15449891,48.42583819,1290,915
1206,20.507,110.47,71.84575993,48.21863082,1290,915
1207,20.507,110.48,71.51422787,47.99612608,1290,915
1208,20.507,110.49,71.31905553,47.86513794,1290,915
1209,20.507,110.5,71.09004843,47.7114419,1305,915
1210,20.507,110.51,70.82906494,47.53628519,1290,915
1211,20.517,110.11,72.22084422,48.47036525,1260,900
1212,20.517,110.12,73.22078314,49.14146519,1260,915
1213,20.517,110.13,73.50613987,49.33297978,1260,915
1214,20.517,110.14,73.7022367,49.46458839,1260,915
1215,20.517,110.15,73.8281699,49.54910732,1260,900
1216,20.517,110.16,73.90727265,49.60219641,1260,900
1217,20.517,110.17,73.96436323,49.64051224,1275,900
1218,20.517,110.18,74.02308167,49.67992059,1275,900
1219,20.517,110.19,74.10355435,49.73392909,1275,915
1220,20.517,110.2,74.22053663,49.81244069,1260,915
1221,20.517,110.21,74.38211132,49.92088008,1260,915
1222,20.517,110.22,74.58897357,50.05971381,1260,915
1223,20.517,110.23,74.8343099,50.22436906,1260,915
1224,20.517,110.24,75.10427182,50.40555156,1275,915
1225,20.517,110.25,75.37904042,50.58996001,1275,915
1226,20.517,110.26,75.63446383,50.76138512,1275,900
1227,20.517,110.27,75.84421446,50.90215735,1275,915
1228,20.517,110.28,75.98235161,50.99486685,1275,915
1229,20.517,110.29,76.02609247,51.02422313,1275,915
1230,20.517,110.3,75.95850177,50.97886025,1275,915
1231,20.517,110.31,75.4443276,50.63377692,1290,915
1232,20.517,110.32,75.24301731,50.49866934,1275,915
1233,20.517,110.33,75.05011963,50.3692078,1275,915
1234,20.517,110.34,74.7889291,50.19391215,1275,915
1235,20.517,110.35,74.4632602,49.97534241,1275,915
1236,20.517,110.36,74.08061939,49.7185365,1275,915
1237,20.517,110.37,73.65138547,49.43046005,1290,915
1238,20.517,110.38,73.31414653,49.20412519,1290,915
1239,20.517,110.39,73.06310713,49.03564237,1290,915
1240,20.517,110.4,72.77534113,48.84251083,1290,915
1241,20.517,110.41,72.47695742,48.6422533,1290,915
1242,20.517,110.42,72.15215986,48.42426836,1275,915
1243,20.517,110.43,71.8230919,48.20341738,1275,915
1244,20.517,110.44,71.63797607,48.07917857,1290,930
1245,20.517,110.45,71.41798745,47.9315352,1290,915
1246,20.517,110.46,71.1646357,47.76150047,1290,915
1247,20.517,110.47,70.8797049,47.57027175,1290,915
1248,20.517,110.48,70.56529389,47.35925765,1290,915
1249,20.517,110.49,70.32711573,47.19940653,1290,915
1250,20.517,110.5,70.11545726,47.05735386,1290,915
1251,20.517,110.51,69.87350358,46.89496885,1305,915
1252,20.527,110.12,72.14876893,48.42199257,1260,915
1253,20.527,110.13,72.51294986,48.6664093,1260,915
1254,20.527,110.14,73.50910165,49.33496755,1260,915
1255,20.527,110.15,73.8213727,49.54454543,1260,915
1256,20.527,110.16,74.07845886,49.71708648,1260,900
1257,20.527,110.17,74.29385751,49.86164934,1275,900
1258,20.527,110.18,74.48141348,49.98752582,1275,900
1259,20.527,110.19,74.65346225,50.1029948,1275,900
1260,20.527,110.2,74.81926602,50.2142725,1275,915
1261,20.527,110.21,74.98387014,50.32474506,1260,915
1262,20.527,110.22,75.14745716,50.43453501,1260,915
1263,20.527,110.23,75.30523656,50.54042722,1260,915
1264,20.527,110.24,75.44787647,50.6361587,1275,915
1265,20.527,110.25,75.56245432,50.71305659,1275,915
1266,20.527,110.26,75.63386811,50.76098531,1275,900
1267,20.527,110.27,75.64660484,50.76953345,1275,915
1268,20.527,110.28,75.2002249,50.4699496,1275,915
1269,20.527,110.29,75.0585249,50.37484893,1275,915
1270,20.527,110.3,74.82803729,50.22015926,1275,915
1271,20.527,110.31,74.50990117,50.00664508,1290,915
1272,20.527,110.32,74.1116732,49.73937799,1290,915
1273,20.527,110.33,73.82936704,49.54991076,1275,915
1274,20.527,110.34,73.56132382,49.37001598,1275,915
1275,20.527,110.35,73.2465067,49.15872933,1275,915
1276,20.527,110.36,72.89217357,48.92092186,1275,915
1277,20.527,110.37,72.50606375,48.66178775,1275,915
1278,20.527,110.38,72.14016024,48.41621493,1290,915
1279,20.527,110.39,71.94647144,48.28622244,1290,915
1280,20.527,110.4,71.71893501,48.13351343,1290,915
1281,20.527,110.41,71.45963263,47.95948498,1290,915
1282,20.527,110.42,71.17006862,47.76514673,1290,915
1283,20.527,110.43,70.8513995,47.55127483,1275,915
1284,20.527,110.44,70.63592396,47.40666038,1275,915
1285,20.527,110.45,70.43363107,47.27089333,1290,915
1286,20.527,110.46,70.19944521,47.11372162,1290,915
1287,20.527,110.47,69.93519323,46.93637129,1290,915
1288,20.527,110.48,69.64279994,46.74013419,1290,915
1289,20.527,110.49,69.36165178,46.55144415,1290,915
1290,20.527,110.5,69.16581666,46.42001118,1290,915
1291,20.537,110.12,72.95474483,48.96291599,1260,900
1292,20.537,110.13,72.98482397,48.98310334,1260,915
1293,20.537,110.14,73.03468608,49.01656784,1260,915
1294,20.537,110.15,73.12118646,49.07462179,1260,915
1295,20.537,110.16,73.25491562,49.1643729,1260,915
1296,20.537,110.17,73.43932708,49.28813898,1260,900
1297,20.537,110.18,73.67042182,49.44323612,1275,900
1298,20.537,110.19,73.93698803,49.62213962,1275,900
1299,20.537,110.2,74.2213968,49.81301798,1275,915
1300,20.537,110.21,74.50094966,50.00063735,1275,915
1301,20.537,110.22,74.74975283,50.16761935,1260,915
1302,20.537,110.23,74.94104672,50.29600451,1260,915
1303,20.537,110.24,75.04984761,50.36902524,1260,915
1304,20.537,110.25,75.05567,50.37293289,1275,915
1305,20.537,110.26,74.63227769,50.08877698,1275,915
1306,20.537,110.27,74.43154122,49.95405451,1275,900
1307,20.537,110.28,74.26879155,49.84482654,1275,915
1308,20.537,110.29,74.0376838,49.68972067,1275,915
1309,20.537,110.3,73.74026915,49.49011353,1275,915
1310,20.537,110.31,73.38253357,49.25002253,1275,915
1311,20.537,110.32,72.97386855,48.97575071,1290,915
1312,20.537,110.33,72.58256209,48.71312892,1290,915
1313,20.537,110.34,72.34324792,48.55251538,1275,915
1314,20.537,110.35,72.06686345,48.36702245,1275,915
1315,20.537,110.36,71.76384847,48.16365669,1275,930
1316,20.537,110.37,71.45084407,47.95358662,1275,915
1317,20.537,110.38,71.11300902,47.72685169,1275,915
1318,20.537,110.39,70.92243015,47.59894641,1290,915
1319,20.537,110.4,70.72015927,47.46319414,1290,915
1320,20.537,110.41,70.48519616,47.30550078,1290,915
1321,20.537,110.42,70.21908609,47.12690342,1290,915
1322,20.537,110.43,69.92371315,46.92866654,1290,915
1323,20.537,110.44,69.66095558,46.75231918,1275,915
1324,20.537,110.45,69.4743918,46.62710859,1275,930
1325,20.537,110.46,69.2576534,46.48164658,1290,915
1326,20.537,110.47,69.01236202,46.31702149,1290,915
1327,20.537,110.48,68.74023529,46.1343861,1290,915
1328,20.537,110.49,68.44305963,45.93493935,1290,915
1329,20.537,110.5,68.24094309,45.79929066,1290,915
1330,20.547,110.13,73.49432331,49.3250492,1260,915
1331,20.547,110.14,73.65126377,49.43037837,1260,915
1332,20.547,110.18,74.27544853,49.84929431,1260,900
1333,20.547,110.19,74.42835743,49.95191774,1275,900
1334,20.547,110.2,74.56281127,50.04215522,1275,900
1335,20.547,110.21,74.66407185,50.11011534,1275,915
1336,20.547,110.22,74.71612214,50.14504842,1275,915
1337,20.547,110.23,74.70354159,50.13660509,1260,915
1338,20.547,110.24,74.24579539,49.82939288,1260,915
1339,20.547,110.25,74.0698904,49.71133584,1260,915
1340,20.547,110.26,73.80507237,49.53360562,1275,915
1341,20.547,110.27,73.45533818,49.29888468,1275,915
1342,20.547,110.28,73.09923486,49.05988916,1275,900
1343,20.547,110.29,72.84943926,48.89224111,1275,915
1344,20.547,110.3,72.55105494,48.69198318,1275,915
1345,20.547,110.31,72.21088229,48.46367939,1275,915
1346,20.547,110.32,71.83671812,48.21256249,1275,915
1347,20.547,110.33,71.43621288,47.94376703,1290,915
1348,20.547,110.34,71.22010478,47.79872804,1275,915
1349,20.547,110.35,71.00351408,47.65336515,1275,915
1350,20.547,110.36,70.75611946,47.4873285,1275,915
1351,20.547,110.37,70.47960456,47.30174803,1275,930
1352,20.547,110.38,70.17511147,47.09739025,1275,915
1353,20.547,110.39,69.93873212,46.93874639,1275,915
1354,20.547,110.4,69.75336915,46.81434171,1290,915
1355,20.547,110.41,69.53655023,46.66882566,1290,915
1356,20.547,110.42,69.28999376,46.50335152,1290,915
1357,20.547,110.43,69.01552114,46.3191417,1290,915
1358,20.547,110.44,68.71502666,46.11746756,1290,915
1359,20.547,110.45,68.54007806,46.00005239,1275,915
1360,20.547,110.46,68.33928991,45.86529524,1290,930
1361,20.547,110.47,68.11139671,45.71234678,1290,915
1362,20.547,110.48,67.85793274,45.54223674,1290,915
1363,20.547,110.49,67.58050147,45.35604126,1290,915
1364,20.557,110.2,74.15943152,49.77143055,1275,900
1365,20.557,110.21,74.13830281,49.75725021,1275,915
1366,20.557,110.22,73.70219478,49.46456025,1275,915
1367,20.557,110.23,73.50989394,49.33549929,1275,915
1368,20.557,110.24,73.31666981,49.20581866,1260,915
1369,20.557,110.25,73.05613328,49.03096193,1260,915
1370,20.557,110.26,72.73202141,48.81343718,1275,915
1371,20.557,110.27,72.35192537,48.55833917,1275,915
1372,20.557,110.28,71.92643029,48.272772,1275,915
1373,20.557,110.29,71.64665598,48.08500401,1275,915
1374,20.557,110.3,71.38079493,47.90657378,1275,915
1375,20.557,110.31,71.08224342,47.70620364,1275,915
1376,20.557,110.32,70.76714221,47.49472632,1275,915
1377,20.557,110.33,70.43952868,47.27485146,1290,915
1378,20.557,110.34,70.20917952,47.12025471,1290,915
1379,20.557,110.35,70.01870479,46.99241933,1275,915
1380,20.557,110.36,69.79647815,46.84327393,1275,915
1381,20.557,110.37,69.54383961,46.67371786,1275,915
1382,20.557,110.38,69.26240854,46.48483795,1275,915
1383,20.557,110.39,68.98225899,46.29681812,1275,915
1384,20.557,110.4,68.81157046,46.18226205,1290,915
1385,20.557,110.41,68.61113735,46.04774318,1290,915
1386,20.557,110.42,68.38248377,45.89428441,1290,915
1387,20.557,110.43,68.12723372,45.72297565,1290,915
1388,20.557,110.44,67.84708492,45.53495632,1290,915
1389,20.557,110.45,67.63043987,45.38955696,1275,915
1390,20.557,110.46,67.44424764,45.26459573,1275,915
1391,20.557,110.47,67.23233087,45.12236971,1290,915
1392,20.557,110.48,66.99606156,44.9637997,1290,915
1393,20.557,110.49,66.73688003,44.78985237,1290,915
1394,20.567,110.21,73.15025439,49.09413046,1275,900
1395,20.567,110.22,72.86647359,48.90367355,1275,915
1396,20.567,110.27,71.22083985,47.79922137,1275,915
1397,20.567,110.28,70.83409421,47.53966054,1275,915
1398,20.567,110.29,70.51291904,47.32410674,1275,915
1399,20.567,110.3,70.30540366,47.18483467,1275,915
1400,20.567,110.31,70.06785309,47.02540476,1275,915
1401,20.567,110.32,69.80226114,46.84715513,1275,915
1402,20.567,110.33,69.5099282,46.65095853,1275,915
1403,20.567,110.34,69.24290206,46.47174635,1290,915
1404,20.567,110.35,69.06916365,46.35514339,1290,915
1405,20.567,110.36,68.86454264,46.21781385,1275,915
1406,20.567,110.37,68.63067045,46.06085265,1275,915
1407,20.567,110.38,68.3692859,45.88542678,1275,930
1408,20.567,110.39,68.08220351,45.69275403,1275,915
1409,20.567,110.4,67.89439384,45.56670727,1275,915
1410,20.567,110.41,67.70892732,45.4422331,1290,915
1411,20.567,110.42,67.49668834,45.29979083,1290,915
1412,20.567,110.43,67.25912641,45.1403533,1290,915
1413,20.567,110.44,66.99776418,44.9649424,1290,915
1414,20.567,110.46,66.57230723,44.67940083,1275,915
1415,20.567,110.47,66.3750728,44.54702872,1275,930
1416,20.567,110.48,66.15465454,44.39909701,1290,915
1417,20.577,110.27,70.13645868,47.07144878,1260,915
1418,20.577,110.28,69.81354462,46.85472793,1275,915
1419,20.577,110.29,69.51085157,46.65157824,1275,915
1420,20.577,110.3,69.33050714,46.53054171,1275,915
1421,20.577,110.31,69.11940714,46.38886385,1275,915
1422,20.577,110.32,68.87876227,46.22735723,1275,915
1423,20.577,110.33,68.6099104,46.04691973,1275,915
1424,20.577,110.34,68.31454875,45.84869044,1275,915
1425,20.577,110.35,68.14466237,45.73467273,1290,915
1426,20.577,110.36,67.95565061,45.6078192,1290,915
1427,20.577,110.37,67.73889052,45.46234263,1275,915
1428,20.577,110.38,67.49593166,45.299283,1275,915
1429,20.577,110.39,67.2283994,45.11973114,1275,930
1430,20.577,110.4,67.00155737,44.96748817,1275,915
1431,20.577,110.41,66.82977512,44.85219807,1275,915
1432,20.577,110.42,66.632598,44.71986443,1290,915
1433,20.577,110.43,66.41132127,44.57135656,1290,915
1434,20.577,110.45,65.90198828,44.22952234,1290,915
1435,20.577,110.47,65.53942811,43.98619336,1275,915
1436,20.587,110.28,68.88455976,46.23124816,1260,915
1437,20.587,110.29,68.5809717,46.02749778,1275,915
1438,20.587,110.3,68.39570955,45.90316077,1275,915
1439,20.587,110.31,68.20206156,45.77319568,1275,915
1440,20.587,110.32,67.97962739,45.623911,1275,915
1441,20.587,110.33,67.73006751,45.45642114,1275,915
1442,20.587,110.34,67.45512193,45.27189392,1275,915
1443,20.587,110.35,67.24443303,45.13049197,1275,915
1444,20.587,110.36,67.06966988,45.01320126,1290,915
1445,20.587,110.37,66.86859073,44.87824881,1275,915
1446,20.587,110.38,66.642578,44.72656241,1275,915
1447,20.587,110.39,66.3930887,44.55911994,1275,915
1448,20.587,110.4,66.1326895,44.38435537,1275,930
1449,20.587,110.41,65.97343187,44.27747105,1275,915
1450,20.587,110.45,65.10744177,43.69626965,1290,915
1451,20.587,110.46,64.89641905,43.55464366,1290,915
1452,20.587,110.47,64.72511893,43.43967714,1290,915
1453,20.587,110.48,64.53281817,43.31061622,1275,915
1454,20.597,110.28,67.99196949,45.63219429,1260,915
1455,20.597,110.29,67.7114502,45.44392631,1275,915
1456,20.597,110.3,67.486658,45.29305906,1275,915
1457,20.597,110.31,67.30790099,45.17308791,1275,915
1458,20.597,110.32,67.10185021,45.0347988,1275,915
1459,20.597,110.33,66.86998497,44.87918454,1275,915
1460,20.597,110.34,66.61386267,44.70729038,1275,915
1461,20.597,110.35,66.36817096,44.54239662,1275,915
1462,20.597,110.36,66.20642804,44.43384432,1290,915
1463,20.597,110.37,66.01973011,44.3085437,1290,915
1464,20.597,110.38,65.80931193,44.16732344,1275,915
1465,20.597,110.39,65.57648074,44.0110609,1275,915
1466,20.597,110.4,65.32259796,43.84066977,1275,930
1467,20.597,110.42,64.96893261,43.60331048,1275,915
1468,20.597,110.44,64.56333704,43.33109868,1290,915
1469,20.597,110.45,64.33063388,43.17492207,1290,915
1470,20.597,110.46,64.0916487,43.01452933,1290,915
1471,20.597,110.47,63.93180024,42.90724848,1290,915
1472,20.597,110.48,63.75196516,42.7865538,1275,915
1473,20.607,110.3,66.60166757,44.69910575,1275,915
1474,20.607,110.31,66.43649266,44.58825011,1275,915
1475,20.607,110.32,66.24544463,44.46002995,1275,915
1476,20.607,110.33,66.0298423,44.3153304,1275,915
1477,20.607,110.34,65.79108076,44.15508776,1275,915
1478,20.607,110.35,65.53061111,43.98027591,1275,915
1479,20.607,110.36,65.36565568,43.86956757,1275,915
1480,20.607,110.37,65.19215806,43.75312622,1290,915
1481,20.607,110.38,64.99609979,43.62154349,1290,915
1482,20.607,110.39,64.77865484,43.47560728,1275,915
1483,20.607,110.41,64.32777517,43.17300347,1275,930
1484,20.607,110.42,64.16883709,43.06633362,1275,915
1485,20.607,110.44,63.78971019,42.81188603,1290,915
1486,20.607,110.45,63.57155966,42.66547628,1290,915
1487,20.607,110.46,63.33578128,42.50723576,1290,915
1488,20.607,110.47,63.15907357,42.38863998,1290,915
1489,20.607,110.48,62.99076055,42.27567822,1290,915
1490,20.617,110.32,65.41032839,43.89954925,1275,915
1491,20.617,110.33,65.20968272,43.76488773,1275,930
1492,20.617,110.34,64.98693985,43.61539587,1275,915
1493,20.617,110.35,64.74340663,43.45195076,1275,915
1494,20.617,110.36,64.54700543,43.32013787,1275,915
1495,20.617,110.37,64.38563453,43.21183525,1275,915
1496,20.617,110.38,64.20280816,43.08913299,1290,915
1497,20.617,110.39,63.99958164,42.95273936,1275,915
1498,20.617,110.4,63.77706289,42.80339791,1275,915
1499,20.617,110.44,63.03477783,42.30522002,1275,915
1500,20.617,110.45,62.83012824,42.1678713,1290,915
1501,20.617,110.46,62.60856265,42.01916956,1290,915
1502,20.617,110.47,62.40649876,41.88355622,1290,915
1503,20.617,110.48,62.24884316,41.77774709,1290,915
1504,20.627,110.34,64.20148103,43.0882423,1275,915
1505,20.627,110.35,63.97362897,42.93532146,1275,915
1506,20.627,110.36,63.75006791,42.78528048,1275,915
1507,20.627,110.37,63.59984706,42.68446112,1275,915
1508,20.627,110.38,63.42922169,42.56994744,1275,915
1509,20.627,110.39,63.23914147,42.44237683,1290,915
1510,20.627,110.4,63.03060703,42.30242083,1275,915
1511,20.627,110.44,62.29829612,41.810937,1275,915
1512,20.627,110.45,62.10617737,41.68199823,1275,915
1513,20.627,110.46,61.89783334,41.54217003,1290,915
1514,20.627,110.47,61.67418303,41.39206915,1290,915
1515,20.627,110.48,61.52581285,41.29249185,1290,915
1516,20.637,110.36,62.99005926,42.27520756,1275,915
1517,20.637,110.37,62.83442534,42.17075526,1275,915
1518,20.637,110.38,62.67505844,42.06379761,1275,915
1519,20.637,110.39,62.49714014,41.94438936,1275,915
1520,20.637,110.4,62.30157495,41.81313755,1290,915
1521,20.637,110.41,62.08930586,41.67067507,1275,915
1522,20.637,110.43,61.74408389,41.43898247,1275,930
1523,20.637,110.44,61.57996866,41.32883802,1275,915
1524,20.637,110.45,61.39948593,41.20770868,1275,915
1525,20.637,110.46,61.20344581,41.07613813,1275,915
1526,20.637,110.47,60.99268592,40.93468853,1290,915
1527,20.647,110.38,61.93998284,41.57045828,1275,915
1528,20.647,110.41,61.39024354,41.20150573,1290,915
1529,20.647,110.42,61.17556525,41.05742634,1275,915
1530,20.647,110.43,61.03347877,40.96206629,1275,915
1531,20.647,110.44,60.87945688,40.85869589,1275,915
1532,20.647,110.45,60.70978478,40.744822,1275,915
1533,20.647,110.46,60.52519915,40.62093903,1275,915
1534,20.647,110.47,60.32646392,40.48755968,1275,915
1535,20.657,110.38,61.22361674,41.08967566,1275,915
1536,20.657,110.39,61.06738399,40.98482147,1275,915
1537,20.657,110.41,60.70731112,40.74316182,1290,915
1538,20.657,110.42,60.50505433,40.60741901,1275,915
1539,20.657,110.43,60.34104717,40.4973471,1275,915
1540,20.657,110.44,60.19638896,40.40026105,1275,915
1541,20.657,110.45,60.03676597,40.29313152,1275,915
1542,20.657,110.46,59.86284866,40.17640849,1275,915
1543,20.657,110.47,59.67533419,40.05055986,1275,915
1544,20.667,110.39,60.37898066,40.52280581,1275,915
1545,20.667,110.41,60.04029818,40.29550214,1275,915
1546,20.667,110.44,59.53036737,39.95326669,1275,915
1547,20.667,110.46,59.21611406,39.74235843,1275,915
1548,20.687,110.41,58.75299041,39.43153719,1275,915
1549,20.687,110.42,58.58320979,39.31759046,1275,915
1550,20.687,110.43,58.40116734,39.19541432,1275,915
1551,20.697,110.42,57.97173388,38.90720395,1275,915
1552,20.697,110.43,57.79956563,38.79165478,1275,915
1553,20.707,110.41,57.52594466,38.60801655,1275,915
1554,20.707,110.42,57.37437475,38.50629178,1275,915
